{"map":"dm3hill","version":2,"bounds":{"minX":-160,"maxX":752,"minY":-432,"maxY":560},"locs":[{"name":"","z":-240,"tris":[736,224,-464,744,224,-464,744,128,-464,736,224,-464,744,128,-464,736,128,-464,744,224,-464,752,224,-464,752,128,-464,744,224,-464,752,128,-464,744,128,-464,296,336,-496,296,464,-496,480,464,-496,296,336,-496,480,464,-496,520,464,-496,296,336,-496,520,464,-496,520,336,-496,520,464,-496,544,464,-496,544,336,-496,520,464,-496,544,336,-496,528,336,-496,520,464,-496,528,336,-496,520,336,-496,417.0904,303.52948,-496,528,303.52948,-496,528,240,-496,417.0904,303.52948,-496,528,240,-496,528,79.52948,-496,417.0904,303.52948,-496,528,79.52948,-496,417.0904,79.52948,-496,528,79.52948,-496,528,48.97289,-496,496,48.97289,-496,528,79.52948,-496,496,48.97289,-496,417.0904,48.97289,-496,528,79.52948,-496,417.0904,48.97289,-496,417.0904,79.52948,-496,520,336,-496,528,336,-496,528,303.52948,-496,520,336,-496,528,303.52948,-496,417.0904,303.52948,-496,520,336,-496,417.0904,303.52948,-496,391.0449,303.52948,-496,520,336,-496,391.0449,303.52948,-496,296,303.52948,-496,520,336,-496,296,303.52948,-496,296,336,-496,48,128,-496,48,144,-496,48,208,-496,48,128,-496,48,208,-496,48,224,-496,48,128,-496,48,224,-496,48,303.52948,-496,48,128,-496,48,303.52948,-496,167.04419,303.52948,-496,48,128,-496,167.04419,303.52948,-496,167.04419,79.52948,-496,48,128,-496,167.04419,79.52948,-496,48,79.52948,-496,167.04419,79.52948,-496,167.04419,48.97289,-496,48,48.97289,-496,167.04419,79.52948,-496,48,48.97289,-496,48,79.52948,-496,32,400,-496,32,464,-496,48,464,-496,32,400,-496,48,464,-496,48,303.52948,-496,32,400,-496,48,303.52948,-496,48,224,-496,32,400,-496,48,224,-496,32,240,-496,272,303.52948,-496,167.04419,303.52948,-496,48,303.52948,-496,272,303.52948,-496,48,303.52948,-496,48,464,-496,272,303.52948,-496,48,464,-496,256,464,-496,272,303.52948,-496,256,464,-496,272,464,-496,296,464,-496,296,336,-496,296,303.52948,-496,296,464,-496,296,303.52948,-496,272,303.52948,-496,296,464,-496,272,303.52948,-496,272,464,-496,32,144,-496,32,208,-496,48,208,-496,32,144,-496,48,208,-496,48,144,-496,32,56,-496,32,112,-496,48,128,-496,32,56,-496,48,128,-496,48,79.52948,-496,32,56,-496,48,79.52948,-496,48,48.97289,-496,32,56,-496,48,48.97289,-496,48,-112,-496,32,56,-496,48,-112,-496,32,-112,-496,544,-112,-496,528,-112,-496,528,16,-496,544,-112,-496,528,16,-496,544,16,-496,272,-112,-496,256,-112,-496,48,-112,-496,272,-112,-496,48,-112,-496,48,48.97289,-496,272,-112,-496,48,48.97289,-496,167.04419,48.97289,-496,272,-112,-496,167.04419,48.97289,-496,272,48.97289,-496,496,-112,-496,480,-112,-496,272,-112,-496,496,-112,-496,272,-112,-496,272,48.97289,-496,496,-112,-496,272,48.97289,-496,391.0443,48.97289,-496,496,-112,-496,391.0443,48.97289,-496,417.0904,48.97289,-496,496,-112,-496,417.0904,48.97289,-496,496,48.97289,-496,528,48.97289,-496,528,16,-496,528,-112,-496,528,48.97289,-496,528,-112,-496,496,-112,-496,528,48.97289,-496,496,-112,-496,496,48.97289,-496,576,336,-240,480,336,-240,352,400,-240,576,336,-240,352,400,-240,352,432,-240,576,336,-240,352,432,-240,352,560,-240,576,336,-240,352,560,-240,520,560,-240,576,336,-240,520,560,-240,576,560,-240,672,560,-240,736,496,-240,736,336,-240,672,560,-240,736,336,-240,704,336,-240,672,560,-240,704,336,-240,576,336,-240,672,560,-240,576,336,-240,576,560,-240,352,384,-240,352,400,-240,480,336,-240,352,384,-240,480,336,-240,469,326,-240,544,208,-240,528,208,-240,469,326,-240,544,208,-240,469,326,-240,480,336,-240,704,208,-240,576,208,-240,544,208,-240,704,208,-240,544,208,-240,480,336,-240,704,208,-240,480,336,-240,576,336,-240,704,208,-240,576,336,-240,704,336,-240,736,336,-240,736,304,-240,736,208,-240,736,336,-240,736,208,-240,704,208,-240,736,336,-240,704,208,-240,704,336,-240,352,432,-240,296,432,-240,296,560,-240,352,432,-240,296,560,-240,352,560,-240,576,208,-240,704,208,-240,736,208,-240,576,208,-240,736,208,-240,736,144,-240,576,208,-240,736,144,-240,576,144,-240,352,-80,-240,528,-80,-240,528,-144,-240,352,-80,-240,528,-144,-240,528,-208,-240,352,-80,-240,528,-208,-240,432,-208,-240,352,-80,-240,432,-208,-240,416,-208,-240,352,-80,-240,416,-208,-240,304,-208,-240,352,-80,-240,304,-208,-240,304,-80,-240,352,-32,-240,469,26,-240,480,16,-240,352,-32,-240,480,16,-240,352,-48,-240,448,-48,-240,352,-48,-240,480,16,-240,352,-80,-240,352,-48,-240,448,-48,-240,352,-80,-240,448,-48,-240,528,-48,-240,352,-80,-240,528,-48,-240,528,-80,-240,528,-208,-240,528,-144,-240,576,-144,-240,528,-208,-240,576,-144,-240,736,-144,-240,528,-208,-240,736,-144,-240,672,-208,-240,528,-144,-240,528,-80,-240,528,-48,-240,528,-144,-240,528,-48,-240,576,-48,-240,528,-144,-240,576,-48,-240,576,-80,-240,528,-144,-240,576,-80,-240,576,-144,-240,736,144,-240,736,80,-240,736,-80,-240,736,144,-240,736,-80,-240,576,-80,-240,736,144,-240,576,-80,-240,576,-48,-240,736,144,-240,576,-48,-240,576,144,-240,736,-80,-240,736,-144,-240,576,-144,-240,736,-80,-240,576,-144,-240,576,-80,-240,528,144,-240,544,144,-240,480,16,-240,528,144,-240,480,16,-240,469,26,-240,480,16,-240,544,144,-240,576,144,-240,480,16,-240,576,144,-240,576,-48,-240,480,16,-240,576,-48,-240,528,-48,-240,480,16,-240,528,-48,-240,448,-48,-240,224,432,-240,224,464,-240,280,436,-240,224,432,-240,280,436,-240,280,432,-240,280,560,-240,280,436,-240,224,464,-240,280,560,-240,224,464,-240,224,560,-240,-96,272,-240,-32,272,-240,-32,208,-240,-96,272,-240,-32,208,-240,-96,208,-240,-32,208,-240,-32,272,-240,0,272,-240,-32,208,-240,0,272,-240,0,208,-240,32,272,-240,64,272,-240,32,208,-240,32,272,-240,32,208,-240,0,208,-240,32,272,-240,0,208,-240,0,272,-240,16,400,-240,32,400,-240,32,336,-240,16,400,-240,32,336,-240,32,272,-240,16,400,-240,32,272,-240,0,272,-240,16,400,-240,0,272,-240,-32,272,-240,16,400,-240,-32,272,-240,-96,272,-240,16,400,-240,-96,272,-240,-96,336,-240,16,400,-240,-96,336,-240,-96,400,-240,-160,496,-240,-96,560,-240,-96,400,-240,-160,496,-240,-96,400,-240,-96,336,-240,-160,496,-240,-96,336,-240,-160,336,-240,-96,336,-240,-96,272,-240,-96,208,-240,-96,336,-240,-96,208,-240,-160,208,-240,-96,336,-240,-160,208,-240,-160,304,-240,-96,336,-240,-160,304,-240,-160,336,-240,-96,400,-240,-96,560,-240,16,560,-240,-96,400,-240,16,560,-240,16,400,-240,64,272,-240,96,336,-240,107,325,-240,64,272,-240,107,325,-240,48,208,-240,64,272,-240,48,208,-240,32,208,-240,107,325,-240,96,336,-240,224,400,-240,107,325,-240,224,400,-240,224,384,-240,96,336,-240,64,272,-240,32,272,-240,96,336,-240,32,272,-240,32,336,-240,224,400,-240,96,336,-240,32,336,-240,224,400,-240,32,336,-240,32,400,-240,32,560,-240,224,464,-240,224,432,-240,32,560,-240,224,432,-240,224,400,-240,32,560,-240,224,400,-240,32,400,-240,32,560,-240,32,400,-240,16,400,-240,32,560,-240,16,400,-240,16,560,-240,224,464,-240,32,560,-240,128,560,-240,224,464,-240,128,560,-240,224,560,-240,-32,144,-240,-32,208,-240,0,208,-240,-32,144,-240,0,208,-240,0,144,-240,76,56,-240,32,56,-240,16,56,-240,76,56,-240,16,56,-240,16,144,-240,76,56,-240,16,144,-240,32,144,-240,76,56,-240,32,144,-240,48,144,-240,76,56,-240,48,144,-240,107,27,-240,76,56,-240,107,27,-240,96,16,-240,-32,-16,-240,-32,144,-240,0,144,-240,-32,-16,-240,0,144,-240,16,144,-240,-32,-16,-240,16,144,-240,16,56,-240,-32,-16,-240,16,56,-240,16,-48,-240,-32,-16,-240,16,-48,-240,16,-80,-240,-32,-16,-240,16,-80,-240,-32,-80,-240,32,-48,-240,224,-48,-240,224,-80,-240,32,-48,-240,224,-80,-240,32,-80,-240,32,16,-240,96,16,-240,224,-48,-240,32,16,-240,224,-48,-240,32,-48,-240,96,16,-240,32,16,-240,32,56,-240,96,16,-240,32,56,-240,76,56,-240,96,16,-240,107,27,-240,224,-32,-240,96,16,-240,224,-32,-240,224,-48,-240,16,-48,-240,32,-48,-240,32,-80,-240,16,-48,-240,32,-80,-240,16,-80,-240,32,16,-240,32,-48,-240,16,-48,-240,32,16,-240,16,-48,-240,16,56,-240,32,16,-240,16,56,-240,32,56,-240,32,-80,-240,32,-208,-240,16,-208,-240,32,-80,-240,16,-208,-240,16,-80,-240,128,-208,-240,32,-208,-240,32,-80,-240,128,-208,-240,32,-80,-240,224,-80,-240,128,-208,-240,224,-80,-240,272,-80,-240,128,-208,-240,272,-80,-240,272,-208,-240,16,-80,-240,16,