{"map":"dmm4_6","version":2,"bounds":{"minX":-528,"maxX":1392,"minY":-672,"maxY":768},"locs":[{"name":"","z":352,"tris":[1392,0,352,1392,-224,352,1280,-224,352,1392,0,352,1280,-224,352,1280,0,352,1280,224,352,1392,224,352,1392,0,352,1280,224,352,1392,0,352,1280,0,352,1280,0,352,1280,-224,352,1056,-224,352,1280,0,352,1056,-224,352,1056,0,352,1056,224,352,1280,224,352,1280,0,352,1056,224,352,1280,0,352,1056,0,352,1056,0,352,1056,-224,352,832,-224,352,1056,0,352,832,-224,352,832,0,352,832,224,352,1056,224,352,1056,0,352,832,224,352,1056,0,352,832,0,352,832,0,352,832,-224,352,608,-224,352,832,0,352,608,-224,352,608,0,352,608,224,352,832,224,352,832,0,352,608,224,352,832,0,352,608,0,352,1392,320,352,1392,224,352,1312,224,352,1392,320,352,1312,224,352,1312,320,352,1392,544,352,1392,320,352,1312,320,352,1392,544,352,1312,320,352,1312,544,352,1392,768,352,1392,544,352,1312,544,352,1392,768,352,1312,544,352,1312,768,352,1312,224,352,1088,224,352,1088,320,352,1312,224,352,1088,320,352,1312,320,352,1088,320,352,1088,544,352,1312,544,352,1088,320,352,1312,544,352,1312,320,352,1088,544,352,1088,768,352,1312,768,352,1088,544,352,1312,768,352,1312,544,352,1088,224,352,864,224,352,864,320,352,1088,224,352,864,320,352,1088,320,352,864,320,352,864,544,352,1088,544,352,864,320,352,1088,544,352,1088,320,352,864,544,352,864,768,352,1088,768,352,864,544,352,1088,768,352,1088,544,352,864,224,352,640,224,352,640,320,352,864,224,352,640,320,352,864,320,352,640,320,352,640,544,352,864,544,352,640,320,352,864,544,352,864,320,352,640,544,352,640,768,352,864,768,352,640,544,352,864,768,352,864,544,352,640,224,352,416,224,352,416,320,352,640,224,352,416,320,352,640,320,352,416,320,352,416,544,352,640,544,352,416,320,352,640,544,352,640,320,352,416,544,352,416,768,352,640,768,352,416,544,352,640,768,352,640,544,352,416,224,352,192,224,352,192,320,352,416,224,352,192,320,352,416,320,352,192,320,352,192,544,352,416,544,352,192,320,352,416,544,352,416,320,352,192,544,352,192,768,352,416,768,352,192,544,352,416,768,352,416,544,352,192,224,352,-32,224,352,-32,320,352,192,224,352,-32,320,352,192,320,352,-32,320,352,-32,544,352,192,544,352,-32,320,352,192,544,352,192,320,352,-32,544,352,-32,768,352,192,768,352,-32,544,352,192,768,352,192,544,352,476.78387,224,352,608,224,352,608,92.78379,352,476.78387,224,352,608,92.78379,352,608,-92.7837,352,476.78387,224,352,608,-92.7837,352,476.7837,-224,352,476.78387,224,352,476.7837,-224,352,291.21613,-224,352,476.78387,224,352,291.21613,-224,352,160,-92.78387,352,476.78387,224,352,160,-92.78387,352,160,92.7837,352,476.78387,224,352,160,92.7837,352,291.2163,224,352,1392,-448,352,1392,-672,352,1312,-672,352,1392,-448,352,1312,-672,352,1312,-448,352,1392,-224,352,1392,-448,352,1312,-448,352,1392,-224,352,1312,-448,352,1312,-224,352,1312,-672,352,1088,-672,352,1088,-448,352,1312,-672,352,1088,-448,352,1312,-448,352,1088,-448,352,1088,-224,352,1312,-224,352,1088,-448,352,1312,-224,352,1312,-448,352,1088,-672,352,864,-672,352,864,-448,352,1088,-672,352,864,-448,352,1088,-448,352,864,-448,352,864,-224,352,1088,-224,352,864,-448,352,1088,-224,352,1088,-448,352,864,-672,352,640,-672,352,640,-448,352,864,-672,352,640,-448,352,864,-448,352,640,-448,352,640,-224,352,864,-224,352,640,-448,352,864,-224,352,864,-448,352,640,-672,352,416,-672,352,416,-448,352,640,-672,352,416,-448,352,640,-448,352,416,-448,352,416,-224,352,640,-224,352,416,-448,352,640,-224,352,640,-448,352,416,-672,352,192,-672,352,192,-448,352,416,-672,352,192,-448,352,416,-448,352,192,-448,352,192,-224,352,416,-224,352,192,-448,352,416,-224,352,416,-448,352,192,-672,352,-32,-672,352,-32,-448,352,192,-672,352,-32,-448,352,192,-448,352,-32,-448,352,-32,-224,352,192,-224,352,-32,-448,352,192,-224,352,192,-448,352,608,-92.7837,352,608,-224,352,476.7837,-224,352,160,92.7837,352,160,224,352,291.2163,224,352,160,0,352,160,-224,352,-32,-224,352,160,0,352,-32,-224,352,-32,0,352,-32,224,352,160,224,352,160,0,352,-32,224,352,160,0,352,-32,0,352,-32,-576,352,-32,-672,352,-80,-672,352,-32,-576,352,-80,-672,352,-80,-576,352,-32,-352,352,-32,-576,352,-80,-576,352,-32,-352,352,-80,-576,352,-80,-352,352,-32,-128,352,-32,-352,352,-80,-352,352,-32,-128,352,-80,-352,352,-80,-128,352,-32,96,352,-32,-128,352,-80,-128,352,-32,96,352,-80,-128,352,-80,96,352,-32,320,352,-32,96,352,-80,96,352,-32,320,352,-80,96,352,-80,320,352,-32,544,352,-32,320,352,-80,320,352,-32,544,352,-80,320,352,-80,544,352,-80,768,352,-32,768,352,-32,544,352,-80,768,352,-32,544,352,-80,544,352,-80,-576,352,-80,-672,352,-304,-672,352,-80,-576,352,-304,-672,352,-304,-576,352,-80,-352,352,-80,-576,352,-304,-576,352,-80,-352,352,-304,-576,352,-304,-352,352,-80,-128,352,-80,-352,352,-304,-352,352,-80,-128,352,-304,-352,352,-304,-128,352,-80,96,352,-80,-128,352,-304,-128,352,-80,96,352,-304,-128,352,-304,96,352,-80,320,352,-80,96,352,-304,96,352,-80,320,352,-304,96,352,-304,320,352,-80,544,352,-80,320,352,-304,320,352,-80,544,352,-304,320,352,-304,544,352,-304,768,352,-80,768,352,-80,544,352,-304,768,352,-80,544,352,-304,544,352,-304,-576,352,-304,-672,352,-528,-672,352,-304,-576,352,-528,-672,352,-528,-576,352,-304,-352,352,-304,-576,352,-528,-576,352,-304,-352,352,-528,-576,352,-528,-352,352,-304,-128,352,-304,-352,352,-528,-352,352,-304,-128,352,-528,-352,352,-528,-128,352,-304,96,352,-304,-128,352,-528,-128,352,-304,96,352,-528,-128,352,-528,96,352,-304,320,352,-304,96,352,-528,96,352,-304,320,352,-528,96,352,-528,320,352,-304,544,352,-304,320,352,-528,320,352,-304,544,352,-528,320,352,-528,544,352,-528,768,352,-304,768,352,-304,544,352,-528,768,352,-304,544,352,-528,544,352,291.21613,-224,352,160,-224,352,160,-92.78387,352,672,256,192,832,256,192,832,192,192,672,256,192,832,192,192,672,192,192,608,256,192,672,256,192,672,192,192,608,256,192,672,192,192,608,192,192,832,416,192,832,256,192,688,256,192,832,416,192,688,256,192,688,416,192,688,256,192,464,256,192,464,416,192,688,256,192,464,416,192,688,416,192,464,256,192,608,256,192,608,224,192,464,256,192,608,224,192,464,224,192,832,-32,192,832,-96,192,608,-96,192,832,-32,192,608,-96,192,608,-32,192,608,192,192,832,192,192,832,-32,192,608,192,192,832,-32,192,608,-32,192,476.78357,224,192,608,224,192,608,92.783485,192,608,-92.7837,192,608,-96,192,604.7837,-96,192,700.7837,-96,192,832,-96,192,832,-224,192,700.7837,-96,192,832,-224,192,700.7837,-224,192,476.7837,-224,192,604.7837,-96,192,700.7837,-96,192,476.7837,-224,192,700.7837,-96,192,700.7837,-224,192,688,-224,192,832,-224,192,832,-416,192,688,-224,192,832,-416,192,688,-416,192,464,-224,192,688,-224,192,688,-416,192,464,-224,192,688,-416,192,464,-416,192,192,416,192,304,416,192,304,224,192,192,416,192,304,224,192,192,224,192,-32,416,192,192,416,192,192,224,192,-32,416,192,192,224,192,-32,224,192,160,92.78435,192,160,224,192,291.21573,224,192,160,0,192,160,-160,192,-32,-160,192,160,0,192,-32,-160,192,-32,0,192,-32,224,192,160,224,192,160,0,192,-32,224,192,160,0,192,-32,0,192,291.21625,-224,192,160,-224,192,160,-92.78376,192,192,-224,192,304,-224,192,304,-416,192,192,-224,192,304,-416,192,192,-416,192,-32,-224,192,192,-224,192,192,-416,192,-32,-224,192,192,-416,192,-32,-416,192,96,-160,192,160,-160,192,160,-224,192,96,-160,192,160,-224,192,96,-224,192,96,-224,192,-32,-224,192,-32,-160,192,96,-224,192,-32,-160,192,96,-160,192,672,256,0,832,256,0,832,32,0,672,256,0,832,32,0,672,32,0,832,32,0,832,-32,0,672,-32,0,832,32,0,672,-32,0,672,32,0,672,-32,0,832,-32,0,832,-256,0,672,-32,0,832,-256,0,672,-256,0,256,64,0,256,-64,0,96,-64,0,256,64,0,96,-64,0,96,64,0,96,-64,0,-128,-64,0,-128,64,0,96,-64,0,-128,64,0,96,64,0,256,64,0,128,64,0,128,256,0,256,64,0,128,256,0,256,256,0,128,-64,0,256,-64,0,256,-256,0,128,-64,0,256,-256,0,128,-256,0,640,-96,0,512,-96,0,512,96,0,640,-96,0,512,96,0,640,96,0,672,256,0,672,96,0,512,96,0,672,256,0,512,96,0,512,256,0,672,-96,0,672,-128,0,512,-128,0,672,-96,0,512,-128,0,512,-96,0,672,-128,0,672,-256,0,480,-256,0,672,-128,0,480,-256,0,480,-128,0,480,-256,0,256,-256,0,256,-128,0,480,-256,0,256,-128,0,480,-128,0,512,256,0,512,128,