{"map":"dmm4_7","version":2,"bounds":{"minX":-240,"maxX":496,"minY":-496,"maxY":-16},"locs":[{"name":"","z":32,"tris":[-240,-320,32,-224,-320,32,-32,-320,32,-240,-320,32,-32,-320,32,-32,-480,32,-240,-320,32,-32,-480,32,-32,-496,32,-240,-320,32,-32,-496,32,-240,-496,32,-32,-480,32,-13.254708,-480,32,-29.254702,-496,32,-32,-480,32,-29.254702,-496,32,-32,-496,32,-224,-320,32,-240,-320,32,-240,-317.2547,32,-224,-320,32,-240,-317.2547,32,-224,-301.2547,32,-240,-256,32,-224,-256,32,-224,-274.74518,32,-240,-256,32,-224,-274.74518,32,-240,-258.74518,32,-240,-34.74518,32,-240,-16,32,-32,-16,32,-240,-34.74518,32,-32,-16,32,-32,-32,32,-240,-34.74518,32,-32,-32,32,-32,-192,32,-240,-34.74518,32,-32,-192,32,-32,-256,32,-240,-34.74518,32,-32,-256,32,-224,-256,32,-240,-34.74518,32,-224,-256,32,-240,-256,32,0,-210.74533,32,0,-237.25484,32,0,-256,32,0,-210.74533,32,0,-256,32,-32,-256,32,0,-210.74533,32,-32,-256,32,-32,-192,32,0,-210.74533,32,-32,-192,32,0,-192,32,64,-256,32,45.254692,-256,32,64,-237.2547,32,18.745174,-256,32,0,-256,32,0,-237.25484,32,45.255005,-192,32,64,-192,32,64,-210.74501,32,0,-210.74533,32,0,-192,32,18.745323,-192,32,-32,-16,32,-29.254852,-16,32,-13.254845,-32,32,-32,-16,32,-13.254845,-32,32,-32,-32,32,192,-192,32,64,-192,32,45.255005,-192,32,192,-192,32,45.255005,-192,32,18.745323,-192,32,192,-192,32,18.745323,-192,32,0,-192,32,192,-192,32,0,-192,32,-32,-192,32,192,-192,32,-32,-192,32,-32,-32,32,192,-192,32,-32,-32,32,-13.254845,-32,32,192,-192,32,-13.254845,-32,32,13.254775,-32,32,192,-192,32,13.254775,-32,32,192,-32,32,224,-128,32,224,-192,32,192,-192,32,224,-128,32,192,-192,32,192,-32,32,224,-128,32,192,-32,32,224,-32,32,416,-480,32,496,-480,32,496,-496,32,416,-480,32,496,-496,32,317.2548,-496,32,416,-480,32,317.2548,-496,32,301.2548,-480,32,237.25467,-496,32,29.25467,-496,32,13.254669,-480,32,237.25467,-496,32,13.254669,-480,32,192,-480,32,237.25467,-496,32,192,-480,32,237.25467,-480,32,274.7453,-480,32,258.7453,-496,32,237.25467,-496,32,274.7453,-480,32,237.25467,-496,32,237.25467,-480,32,192,-480,32,13.254669,-480,32,-13.254708,-480,32,192,-480,32,-13.254708,-480,32,-32,-480,32,192,-480,32,-32,-480,32,-32,-320,32,192,-480,32,-32,-320,32,0,-320,32,192,-480,32,0,-320,32,192,-320,32,416,-480,32,301.2548,-480,32,274.7453,-480,32,416,-480,32,274.7453,-480,32,237.25467,-480,32,416,-480,32,237.25467,-480,32,192,-480,32,416,-480,32,192,-480,32,192,-320,32,416,-480,32,192,-320,32,224,-320,32,416,-480,32,224,-320,32,416,-320,32,448,-320,32,480,-320,32,496,-320,32,448,-320,32,496,-320,32,496,-480,32,448,-320,32,496,-480,32,416,-480,32,448,-320,32,416,-480,32,416,-320,32,256,-165.49034,32,256,-128,32,293.49036,-128,32,384,-218.5097,32,384,-165.49039,32,384,-128,32,384,-218.5097,32,384,-128,32,448,-128,32,384,-218.5097,32,448,-128,32,496,-128,32,384,-218.5097,32,496,-128,32,496,-240,32,384,-218.5097,32,496,-240,32,496,-256,32,384,-218.5097,32,496,-256,32,480,-256,32,384,-218.5097,32,480,-256,32,448,-256,32,384,-218.5097,32,448,-256,32,384,-256,32,293.49036,-256,32,256,-256,32,256,-218.50964,32,192,-192,32,224,-192,32,256,-192,32,192,-192,32,256,-192,32,256,-218.50964,32,192,-192,32,256,-218.50964,32,256,-256,32,192,-192,32,256,-256,32,224,-256,32,192,-192,32,224,-256,32,64,-256,32,192,-192,32,64,-256,32,64,-237.2547,32,192,-192,32,64,-237.2547,32,64,-210.74501,32,192,-192,32,64,-210.74501,32,64,-192,32,480,-274.74524,32,480,-256,32,496,-256,32,480,-274.74524,32,496,-256,32,496,-258.74524,32,496,-320,32,480,-320,32,480,-301.25473,32,496,-320,32,480,-301.25473,32,496,-317.25473,32,0,-320,32,-32,-320,32,-224,-320,32,0,-320,32,-224,-320,32,-224,-301.2547,32,0,-320,32,-224,-301.2547,32,-224,-274.74518,32,0,-320,32,-224,-274.74518,32,-224,-256,32,0,-320,32,-224,-256,32,-32,-256,32,0,-320,32,-32,-256,32,0,-256,32,224,-320,32,192,-320,32,0,-320,32,224,-320,32,0,-320,32,0,-256,32,224,-320,32,0,-256,32,18.745174,-256,32,224,-320,32,18.745174,-256,32,45.254692,-256,32,224,-320,32,45.254692,-256,32,64,-256,32,224,-320,32,64,-256,32,224,-256,32,448,-320,32,416,-320,32,224,-320,32,448,-320,32,224,-320,32,224,-256,32,448,-320,32,224,-256,32,256,-256,32,448,-320,32,256,-256,32,293.49036,-256,32,448,-320,32,293.49036,-256,32,346.5097,-256,32,448,-320,32,346.5097,-256,32,384,-256,32,448,-320,32,384,-256,32,448,-256,32,480,-256,32,480,-274.74524,32,480,-301.25473,32,480,-256,32,480,-301.25473,32,480,-320,32,480,-256,32,480,-320,32,448,-320,32,480,-256,32,448,-320,32,448,-256,32,384,-256,32,346.5097,-256,32,384,-218.5097,32,224,-128,32,256,-128,32,256,-165.49034,32,224,-128,32,256,-165.49034,32,256,-192,32,224,-128,32,256,-192,32,224,-192,32,346.50964,-128,32,384,-128,32,384,-165.49039,32,496,-16,32,496,-32,32,448,-32,32,496,-16,32,448,-32,32,269.25476,-32,32,496,-16,32,269.25476,-32,32,285.25476,-16,32,226.74516,-16,32,242.74518,-32,32,224,-32,32,226.74516,-16,32,224,-32,32,192,-32,32,226.74516,-16,32,192,-32,32,13.254775,-32,32,226.74516,-16,32,13.254775,-32,32,29.25478,-16,32,448,-128,32,384,-128,32,346.50964,-128,32,448,-128,32,346.50964,-128,32,293.49036,-128,32,448,-128,32,293.49036,-128,32,256,-128,32,448,-128,32,256,-128,32,224,-128,32,448,-128,32,224,-128,32,224,-32,32,448,-128,32,224,-32,32,242.74518,-32,32,448,-128,32,242.74518,-32,32,269.25476,-32,32,448,-128,32,269.25476,-32,32,448,-32,32,496,-32,32,496,-128,32,448,-128,32,496,-32,32,448,-128,32,448,-32,32,480,-301.25464,477.25485,496,-317.25473,493.25485,496,-496,493.25482,480,-301.25464,477.25485,496,-496,493.25482,480,-480,477.25485,480,-480,477.25485,496,-496,493.25482,480,-496,493.25482,480,-480,477.25485,480,-496,493.25482,437.49066,-496,493.25482,480,-480,477.25485,437.49066,-496,493.25482,453.49078,-480,477.25482,437.49066,-496,493.25482,317.2548,-496,493.25482,301.25458,-480,477.25482,437.49066,-496,493.25482,301.25458,-480,477.25482,453.49078,-480,477.25482,480,-480,253.25487,496,-496,269.2548,480,-496,269.2548,480,-301.25464,253.25487,496,-317.25473,269.25485,496,-496,269.2548,480,-301.25464,253.25487,496,-496,269.2548,480,-480,253.25487,480,-480,253.25487,480,-496,269.2548,317.2548,-496,269.2548,480,-480,253.25487,317.2548,-496,269.2548,301.25458,-480,253.25479,496,-16,269.25488,480,-32,253.25476,269.25476,-32,253.25488,496,-16,269.25488,269.25476,-32,253.25488,285.25476,-16,269.25488,226.74516,-16,269.25488,242.74483,-32,253.25488,32,-32,253.25476,226.74516,-16,269.25488,32,-32,253.25476,13.254774,-32,253.25488,226.74516,-16,269.25488,13.254774,-32,253.25488,29.25478,-16,269.25488,496,-32,269.25485,480,-32,253.25476,496,-16,269.25488,226.74516,-16,493.25485,242.74483,-32,477.25485,32,-32,477.25504,226.74516,-16,493.25485,32,-32,477.25504,13.254774,-32,477.25485,226.74516,-16,493.25485,13.254774,-32,477.25485,29.25478,-16,493.25485,496,-16,493.25485,480,-32,477.25504,269.25476,-32,477.25485,496,-16,493.25485,269.25476,-32,477.25485,285.25476,-16,493.25485,496,-32,493.25485,480,-32,477.25504,496,-16,493.25485,480,-32,253.25476,496,-32,269.25485,496,-240,269.25485,480,-32,253.25476,496,-240,269.25485,496,-256,269.25485,480,-32,253.25476,496,-256,269.25485,480,-256,253.25487,496,-256,269.25485,496,-258.74524,269.25485,480,-274.7451,253.25487,496,-256,269.25485,480,-274.7451,253.25487,480,-256,253.25487,480,-256,477.25485,480,-32,477.25504,496,-32,493.25485,480,-256,477.25485,496,-32,493.25485,496,-240,493.25485,480,-256,477.25485,496,-240,493.25485,496,-256,493.25485,496,-258.74524,493.25485,480,-274.7451,477.25485,480,-256,477.25485,496,-258.74524,493.25485,480,-256,477.25485,496,-256,493.25485,274.74512,-480,477.25482,258.7453,-496,493.25482,50.7453,-496,493.25482,274.74512,-480,477.25482,50.7453,-496,493.25482,50.7453,-480,477.25482,50.7453,-496,493.25482,29.254658,-496,493.25482,13.254803,-480,477.25482,50.7453,-496,493.25482,13.254803,-480,477.25482,50.7453,-480,477.25482,274.74512,-480,253.25479,258.7453,-496,269.2548,50.7453,-496,269.2548,274.74512,-480,253.25479,50.7453,-496,269.2548,50.7453,-480,253.25479,50.7453,-496,269.2548,29.254658,-496,269.2548,13.254803,-480,253.25479,50.7453,-496,