{"map":"dmm4_2","version":2,"bounds":{"minX":-768,"maxX":704,"minY":-448,"maxY":256},"locs":[{"name":"","z":-77.487434,"tris":[512,64,96,704,64,96,704,-160,96,512,64,96,704,-160,96,512,-160,96,480,-160,96,480,-32,96,512,-32,96,480,-160,96,512,-32,96,512,-160,96,480,224,224,480,-224,224,-480,-224,224,480,224,224,-480,-224,224,-480,224,224,480,256,224,480,224,224,416,224,224,480,256,224,416,224,224,416,256,224,416,224,224,192,224,224,192,256,224,416,224,224,192,256,224,416,256,224,192,224,224,-32,224,224,-32,256,224,192,224,224,-32,256,224,192,256,224,-32,224,224,-256,224,224,-256,256,224,-32,224,224,-256,256,224,-32,256,224,-256,224,224,-480,224,224,-480,256,224,-256,224,224,-480,256,224,-256,256,224,480,224,-160,480,128,-160,416,128,-160,480,224,-160,416,128,-160,416,224,-160,416,128,-160,192,128,-160,192,224,-160,416,128,-160,192,224,-160,416,224,-160,192,128,-160,-32,128,-160,-32,224,-160,192,128,-160,-32,224,-160,192,224,-160,-32,128,-160,-256,128,-160,-256,224,-160,-32,128,-160,-256,224,-160,-32,224,-160,-256,128,-160,-480,128,-160,-480,224,-160,-256,128,-160,-480,224,-160,-256,224,-160,384,-128,-224,480,-128,-224,480,-224,-224,384,-128,-224,480,-224,-224,384,-224,-224,384,128,-160,480,128,-160,480,89.31135,-169.67216,384,128,-160,480,89.31135,-169.67216,384,89.31135,-169.67216,480,89.31135,-169.67216,480,-128,-224,384,-128,-224,480,89.31135,-169.67216,384,-128,-224,384,89.31135,-169.67216,384,-64,-224,384,-224,-224,288,-224,-224,384,-64,-224,288,-224,-224,288,-64,-224,288,-224,-224,64,-224,-224,64,-64,-224,288,-224,-224,64,-64,-224,288,-64,-224,64,-224,-224,-160,-224,-224,-160,-64,-224,64,-224,-224,-160,-64,-224,64,-64,-224,-160,-224,-224,-384,-224,-224,-384,-64,-224,-160,-224,-224,-384,-64,-224,-160,-64,-224,384,128,-224,384,-64,-224,320,-64,-224,384,128,-224,320,-64,-224,320,128,-224,320,-64,-224,96,-64,-224,96,128,-224,320,-64,-224,96,128,-224,320,128,-224,96,-64,-224,-128,-64,-224,-128,128,-224,96,-64,-224,-128,128,-224,96,128,-224,-128,128,-160,-128,-64,-224,-160,-64,-224,-128,128,-160,-160,-64,-224,-160,128,-160,-160,-64,-224,-384,-64,-224,-384,128,-160,-160,-64,-224,-384,128,-160,-160,128,-160,-480,-160,-32,-384,-160,-32,-384,-224,-32,-480,-160,-32,-384,-224,-32,-480,-224,-32,-480,128,-160,-384,128,-160,-384,44.693447,-122.97487,-480,128,-160,-384,44.693447,-122.97487,-480,44.693447,-122.97487,-384,44.693447,-122.97487,-384,-160,-32,-480,-160,-32,-384,44.693447,-122.97487,-480,-160,-32,-480,44.693447,-122.97487,-128,-224,120,64,-224,120,64,-256,120,-128,-224,120,64,-256,120,-128,-256,120,288,-256,96,288,-448,96,96,-448,96,288,-256,96,96,-448,96,96,-256,96,96,-448,96,-128,-448,96,-128,-256,96,96,-448,96,-128,-256,96,96,-256,96,-128,-448,96,-352,-448,96,-352,-256,96,-128,-448,96,-352,-256,96,-128,-256,96,-512,192,96,-480,192,96,-480,64,96,-512,192,96,-480,64,96,-512,64,96,-544,192,96,-512,192,96,-512,160,96,-544,192,96,-512,160,96,-544,160,96,-512,160,96,-512,-64,96,-544,-64,96,-512,160,96,-544,-64,96,-544,160,96,-768,192,96,-544,192,96,-544,160,96,-768,192,96,-544,160,96,-768,160,96,-544,160,96,-544,-64,96,-768,-64,96,-544,160,96,-768,-64,96,-768,160,96]}]}