{"map":"dmm4_5","version":2,"bounds":{"minX":71.09513,"maxX":568.90497,"minY":-240.17769,"maxY":240.1777},"locs":[{"name":"","z":-377.9228,"tris":[125.20354,-155.34793,-345.9228,71.09513,-11.180551,-345.9228,112.05984,137.25725,-345.9228,125.20354,-155.34793,-345.9228,112.05984,137.25725,-345.9228,232.45103,233.26775,-345.9228,125.20354,-155.34793,-345.9228,232.45103,233.26775,-345.9228,386.28186,240.1777,-345.9228,125.20354,-155.34793,-345.9228,386.28186,240.1777,-345.9228,514.7968,155.34726,-345.9228,125.20354,-155.34793,-345.9228,514.7968,155.34726,-345.9228,568.90497,11.180609,-345.9228,125.20354,-155.34793,-345.9228,568.90497,11.180609,-345.9228,527.9401,-137.25793,-345.9228,125.20354,-155.34793,-345.9228,527.9401,-137.25793,-345.9228,407.55,-233.26765,-345.9228,125.20354,-155.34793,-345.9228,407.55,-233.26765,-345.9228,253.71774,-240.17769,-345.9228,480,-64,224,480,64,224,549.08093,64,224,480,-64,224,549.08093,64,224,568.9049,11.180686,224,480,-64,224,568.9049,11.180686,224,548.15717,-64,224,384,128,960,256,128,960,256,234.32558,960,384,128,960,256,234.32558,960,384,240.07524,960,91.84287,64,2208,160,64,2208,160,-64,2208,91.84287,64,2208,160,-64,2208,90.91925,-64,2208,91.84287,64,2208,90.91925,-64,2208,71.09517,-11.180367,2208,256,-240.07513,1696,256,-160,1696,384,-160,1696,256,-240.07513,1696,384,-160,1696,384,-234.32547,1696,519.0951,79.68826,-377.9228,519.0951,143.89485,-377.9228,543.1929,79.68826,-377.9228,568.90497,11.180609,-377.9228,527.9401,-137.25793,-377.9228,519.0951,-144.31174,-377.9228,568.90497,11.180609,-377.9228,519.0951,-144.31174,-377.9228,519.0951,79.68826,-377.9228,568.90497,11.180609,-377.9228,519.0951,79.68826,-377.9228,543.1929,79.68826,-377.9228,295.09512,209.68095,-377.9228,295.09512,236.08167,-377.9228,386.28186,240.1777,-377.9228,295.09512,209.68095,-377.9228,386.28186,240.1777,-377.9228,432.4833,209.68095,-377.9228,295.09512,-14.319046,-377.9228,295.09512,209.68095,-377.9228,432.4833,209.68095,-377.9228,295.09512,-14.319046,-377.9228,432.4833,209.68095,-377.9228,514.7968,155.34726,-377.9228,295.09512,-14.319046,-377.9228,514.7968,155.34726,-377.9228,519.0951,143.89485,-377.9228,295.09512,-14.319046,-377.9228,519.0951,143.89485,-377.9228,519.0951,-14.319046,-377.9228,519.0951,-144.31174,-377.9228,407.55,-233.26765,-377.9228,295.09512,-238.31905,-377.9228,519.0951,-144.31174,-377.9228,295.09512,-238.31905,-377.9228,295.09512,-14.319046,-377.9228,519.0951,-144.31174,-377.9228,295.09512,-14.319046,-377.9228,519.0951,-14.319046,-377.9228,200.54404,207.82231,-377.9228,232.45103,233.26775,-377.9228,295.09512,236.08167,-377.9228,200.54404,207.82231,-377.9228,295.09512,236.08167,-377.9228,295.09512,207.82231,-377.9228,72.97064,-16.177689,-377.9228,71.09513,-11.180551,-377.9228,112.05984,137.25725,-377.9228,72.97064,-16.177689,-377.9228,112.05984,137.25725,-377.9228,200.54404,207.82231,-377.9228,72.97064,-16.177689,-377.9228,200.54404,207.82231,-377.9228,295.09512,207.82231,-377.9228,72.97064,-16.177689,-377.9228,295.09512,207.82231,-377.9228,295.09512,-16.177689,-377.9228,295.09512,-238.31905,-377.9228,253.71774,-240.17769,-377.9228,125.20354,-155.34793,-377.9228,295.09512,-238.31905,-377.9228,125.20354,-155.34793,-377.9228,72.97064,-16.177689,-377.9228,295.09512,-238.31905,-377.9228,72.97064,-16.177689,-377.9228,295.09512,-16.177689,-377.9228]}]}