{"map":"dmm4_1","version":2,"bounds":{"minX":544,"maxX":1504,"minY":-304,"maxY":656},"locs":[{"name":"","z":112,"tris":[1413.3468,234.4085,112,1478.2992,128,112,1405.7783,128,112,1222.8217,656,112,1504,374.82153,112,1504,343.35156,112,1222.8217,656,112,1504,343.35156,112,819.95807,650.78033,112,1222.8217,656,112,819.95807,650.78033,112,825.17773,656,112,1287.4365,440.6816,112,1504,343.35156,112,1504,128,112,1287.4365,440.6816,112,1504,128,112,1478.2992,128,112,1067.0077,539.7489,112,836.2717,493.7634,112,930.78143,600.973,112,544,286.52933,112,792.5648,-120.68355,112,544,-8.971664,112,544,286.52933,112,544,374.82227,112,698.1924,529.01465,112,544,286.52933,112,698.1924,529.01465,112,666.653,85.5923,112,819.95807,650.78033,112,930.78143,600.973,112,683.3463,320.2884,112,819.95807,650.78033,112,683.3463,320.2884,112,698.1924,529.01465,112,1243.7316,-173.76291,112,1149.2203,-280.97437,112,1012.9912,-219.74925,112,1504,128,112,1504,-22.822071,112,1386.7083,-140.11383,112,1504,128,112,1386.7083,-140.11383,112,1405.7783,128,112,544,-22.823587,112,544,-8.971664,112,1200.4535,-304,112,544,-22.823587,112,1200.4535,-304,112,825.1768,-304,112,1396.6533,-0.2917089,112,1386.7083,-140.11383,112,1222.822,-304,112,1396.6533,-0.2917089,112,1222.822,-304,112,1200.4535,-304,112,1396.6533,-0.2917089,112,1200.4535,-304,112,1149.2203,-280.97437,112,1088,656,288,1088,560,288,960,560,288,1088,656,288,960,560,288,960,656,288,1504,128,512,1408,128,512,1408,256,512,1504,128,512,1408,256,512,1504,256,512,960,-304,592,960,-208,592,1088,-208,592,960,-304,592,1088,-208,592,1088,-304,592,1238.8442,462.52045,128,1287.4366,440.68155,128,1413.3469,234.4084,128,1238.8442,462.52045,128,1413.3469,234.4084,128,1396.6536,-0.29149416,128,1238.8442,462.52045,128,1396.6536,-0.29149416,128,1341.0634,-63.351807,128,1340.7186,-61.57856,128,1341.0634,-63.351807,128,1243.7316,-173.76283,128,1340.7186,-61.57856,128,1243.7316,-173.76283,128,1012.99133,-219.74931,128,1340.7186,-61.57856,128,1012.99133,-219.74931,128,866.25964,-153.80405,128,683.34625,320.28824,128,836.2718,493.76343,128,1067.0076,539.7489,128,683.34625,320.28824,128,1067.0076,539.7489,128,1238.8442,462.52045,128,683.34625,320.28824,128,1238.8442,462.52045,128,1340.7186,-61.57856,128,683.34625,320.28824,128,1340.7186,-61.57856,128,866.25964,-153.80405,128,683.34625,320.28824,128,866.25964,-153.80405,128,792.56494,-120.6836,128,683.34625,320.28824,128,792.56494,-120.6836,128,666.653,85.5924,128,544,256,384,640,256,384,640,128,384,544,256,384,640,128,384,544,128,384,1222.8217,656,80,1504,374.82153,80,1504,343.35156,80,1222.8217,656,80,1504,343.35156,80,819.95807,650.78033,80,1222.8217,656,80,819.95807,650.78033,80,825.17773,656,80,1287.4365,440.6816,80,1504,343.35156,80,1504,128,80,1287.4365,440.6816,80,1504,128,80,1478.2992,128,80,1413.3468,234.4085,80,1478.2992,128,80,1405.7783,128,80,1067.0077,539.7489,80,836.2717,493.7634,80,930.78143,600.973,80,544,286.52933,80,544,374.82227,80,698.1924,529.01465,80,544,286.52933,80,698.1924,529.01465,80,666.653,85.5923,80,819.95807,650.78033,80,930.78143,600.973,80,683.3463,320.2884,80,819.95807,650.78033,80,683.3463,320.2884,80,698.1924,529.01465,80,544,286.52933,80,792.5648,-120.68355,80,544,-8.971664,80,544,-22.823587,80,544,-8.971664,80,1200.4535,-304,80,544,-22.823587,80,1200.4535,-304,80,825.1768,-304,80,1504,-22.822071,80,1386.7083,-140.11383,80,1405.7783,128,80,1504,-22.822071,80,1405.7783,128,80,1504,128,80,1396.6533,-0.2917089,80,1386.7083,-140.11383,80,1222.822,-304,80,1396.6533,-0.2917089,80,1222.822,-304,80,1200.4535,-304,80,1396.6533,-0.2917089,80,1200.4535,-304,80,1149.2203,-280.97437,80,1243.7316,-173.76291,80,1149.2203,-280.97437,80,1012.9912,-219.74925,80]}]}