{"map":"dmmp2","version":2,"bounds":{"minX":-320,"maxX":384,"minY":-448,"maxY":64},"locs":[{"name":"","z":-16,"tris":[-128,-283.42856,-128,-128,-256,-128,0,-256,-128,-128,-283.42856,-128,0,-256,-128,0,-283.4286,-128,-320,0,-128,-320,64,-128,-192,64,-128,-320,0,-128,-192,64,-128,-192,-64,-128,-320,0,-128,-192,-64,-128,-192,-128,-128,-320,0,-128,-192,-128,-128,-192,-160,-128,-320,0,-128,-192,-160,-128,-320,-160,-128,-192,-160,-128,-192,-256,-128,-192,-320,-128,-192,-160,-128,-192,-320,-128,-192,-384,-128,-192,-160,-128,-192,-384,-128,-320,-384,-128,-192,-160,-128,-320,-384,-128,-320,-224,-128,-192,-160,-128,-320,-224,-128,-320,-160,-128,-192,-384,-128,-192,-448,-128,-320,-448,-128,-192,-384,-128,-320,-448,-128,-320,-384,-128,-128,-128,-128,-128,-64,-128,0,-64,-128,-128,-128,-128,0,-64,-128,0,-128,-128,32,-448,-128,-96,-448,-128,-192,-448,-128,32,-448,-128,-192,-448,-128,-192,-384,-128,32,-448,-128,-192,-384,-128,-192,-320,-128,32,-448,-128,-192,-320,-128,-128,-320,-128,32,-448,-128,-128,-320,-128,0,-320,-128,32,-448,-128,0,-320,-128,32,-320,-128,64,-320,-128,192,-320,-128,256,-320,-128,64,-320,-128,256,-320,-128,256,-384,-128,64,-320,-128,256,-384,-128,256,-448,-128,64,-320,-128,256,-448,-128,128,-448,-128,64,-320,-128,128,-448,-128,32,-448,-128,64,-320,-128,32,-448,-128,32,-320,-128,32,-256,-128,0,-256,-128,-128,-256,-128,32,-256,-128,-128,-256,-128,-192,-256,-128,32,-256,-128,-192,-256,-128,-192,-160,-128,32,-256,-128,-192,-160,-128,-192,-128,-128,32,-256,-128,-192,-128,-128,-128,-128,-128,32,-256,-128,-128,-128,-128,0,-128,-128,32,-256,-128,0,-128,-128,32,-128,-128,64,-128,-128,64,-160,-128,64,-256,-128,64,-128,-128,64,-256,-128,32,-256,-128,64,-128,-128,32,-256,-128,32,-128,-128,64,-128,-128,64,-64,-128,64,64,-128,64,-128,-128,64,64,-128,128,64,-128,64,-128,-128,128,64,-128,192,64,-128,64,-128,-128,192,64,-128,192,-64,-128,64,-128,-128,192,-64,-128,192,-128,-128,64,-128,-128,192,-128,-128,192,-160,-128,64,-128,-128,192,-160,-128,64,-160,-128,192,-160,-128,192,-256,-128,192,-320,-128,192,-160,-128,192,-320,-128,64,-320,-128,192,-160,-128,64,-320,-128,64,-256,-128,192,-160,-128,64,-256,-128,64,-160,-128,32,-64,-128,0,-64,-128,-128,-64,-128,32,-64,-128,-128,-64,-128,-192,-64,-128,32,-64,-128,-192,-64,-128,-192,64,-128,32,-64,-128,-192,64,-128,-96,64,-128,32,-64,-128,-96,64,-128,32,64,-128,64,64,-128,64,-64,-128,32,-64,-128,64,64,-128,32,-64,-128,32,64,-128,192,-256,-128,192,-160,-128,192,-128,-128,192,-256,-128,192,-128,-128,256,-128,-128,192,-256,-128,256,-128,-128,256,-160,-128,192,-256,-128,256,-160,-128,256,-256,-128,256,-128,-128,256,-64,-128,256,64,-128,256,-128,-128,256,64,-128,352,64,-128,256,-128,-128,352,64,-128,384,64,-128,256,-128,-128,384,64,-128,384,0,-128,256,-128,-128,384,0,-128,384,-160,-128,256,-128,-128,384,-160,-128,256,-160,-128,384,-160,-128,384,-224,-128,384,-384,-128,384,-160,-128,384,-384,-128,256,-384,-128,384,-160,-128,256,-384,-128,256,-320,-128,384,-160,-128,256,-320,-128,256,-256,-128,384,-160,-128,256,-256,-128,256,-160,-128,384,-384,-128,384,-448,-128,352,-448,-128,384,-384,-128,352,-448,-128,256,-448,-128,384,-384,-128,256,-448,-128,256,-384,-128,192,-64,-128,192,64,-128,256,64,-128,192,-64,-128,256,64,-128,256,-64,-128,32,-64,-16,0,-64,-16,-128,-64,-16,32,-64,-16,-128,-64,-16,-192,-64,-16,32,-64,-16,-192,-64,-16,-192,64,-16,32,-64,-16,-192,64,-16,-96,64,-16,32,-64,-16,-96,64,-16,32,64,-16,256,-64,-16,192,-64,-16,64,-64,-16,256,-64,-16,64,-64,-16,32,-64,-16,256,-64,-16,32,-64,-16,32,64,-16,256,-64,-16,32,64,-16,128,64,-16,256,-64,-16,128,64,-16,256,64,-16,352,64,-16,384,64,-16,384,0,-16,352,64,-16,384,0,-16,384,-64,-16,352,64,-16,384,-64,-16,368,-64,-16,352,64,-16,368,-64,-16,256,-64,-16,352,64,-16,256,-64,-16,256,64,-16,32,-64,96,0,-64,96,-128,-64,96,32,-64,96,-128,-64,96,-192,-64,96,32,-64,96,-192,-64,96,-192,64,96,32,-64,96,-192,64,96,-96,64,96,32,-64,96,-96,64,96,32,64,96,256,-64,96,192,-64,96,64,-64,96,256,-64,96,64,-64,96,32,-64,96,256,-64,96,32,-64,96,32,64,96,256,-64,96,32,64,96,128,64,96,256,-64,96,128,64,96,256,64,96,352,64,96,384,64,96,384,-64,96,352,64,96,384,-64,96,256,-64,96,352,64,96,256,-64,96,256,64,96,368,-96,-16,368,-64,-16,384,-64,-16,368,-96,-16,384,-64,-16,384,-224,-16,368,-96,-16,384,-224,-16,384,-288,-16,368,-96,-16,384,-288,-16,368,-288,-16,384,-288,-16,384,-320,-16,368,-320,-16,384,-288,-16,368,-320,-16,368,-288,-16,384,-80,128,256,-80,128,256,-64,128,384,-80,128,256,-64,128,384,-64,128,384,-320,128,256,-320,128,256,-304,128,384,-320,128,256,-304,128,384,-304,128,192,-320,128,64,-320,128,64,-304,128,192,-320,128,64,-304,128,192,-304,128,64,-256,12,64,-128,68,64,-64,96,64,-256,12,64,-64,96,192,-64,96,64,-256,12,192,-64,96,192,-128,68,64,-256,12,192,-128,68,192,-256,12,64,-256,12,192,-256,12,192,-288,-2,64,-256,12,192,-288,-2,64,-288,-2,192,-288,-2,192,-320,-16,64,-320,-16,192,-288,-2,64,-320,-16,64,-288,-2,0,-80,128,-128,-80,128,-128,-64,128,0,-80,128,-128,-64,128,0,-64,128,0,-320,128,-128,-320,128,-128,-304,128,0,-320,128,-128,-304,128,0,-304,128,-128,-256,-100,-128,-128,-44,-128,-64,-16,-128,-256,-100,-128,-64,-16,0,-64,-16,-128,-256,-100,0,-64,-16,0,-128,-44,-128,-256,-100,0,-128,-44,0,-256,-100,-128,-256,-100,0,-256,-100,0,-288,-114,-128,-256,-100,0,-288,-114,-128,-288,-114,0,-288,-114,0,-320,-128,-128,-320,-128,0,-288,-114,-128,-320,-128,-128,-288,-114,32,-448,96,-96,-448,96,-192,-448,96,32,-448,96,-192,-448,96,-192,-384,96,32,-448,96,-192,-384,96,-192,-320,96,32,-448,96,-192,-320,96,-128,-320,96,32,-448,96,-128,-320,96,0,-320,96,32,-448,96,0,-320,96,32,-320,96,256,-448,96,128,-448,96,32,-448,96,256,-448,96,32,-448,96,32,-320,96,256,-448,96,32,-320,96,64,-320,96,256,-448,96,64,-320,96,192,-320,96,256,-448,96,192,-320,96,256,-320,96,384,-320,96,384,-448,96,352,-448,96,384,-320,96,352,-448,96,256,-448,96,384,-320,96,256,-448,96,256,-320,96,32,-448,-16,-96,-448,-16,-192,-448,-16,32,-448,-16,-192,-448,-16,-192,-320,-16,32,-448,-16,-192,-320,-16,-128,-320,-16,32,-448,-16,-128,-320,-16,0,-320,-16,32,-448,-16,0,-320,-16,32,-320,-16,256,-448,-16,128,-448,-16,32,-448,-16,256,-448,-16,32,-448,-16,32,-320,-16,256,-448,-16,32,-320,-16,64,-320,-16,256,-448,-16,64,-320,-16,192,-320,-16,256,-448,-16,192,-320,-16,256,-320,-16,368,-320,-16,384,-320,-16,384,-448,-16,368,-320,-16,384,-448,-16,352,-448,-16,368,-320,-16,352,-448,-16,256,-448,-16,368,-320,-16,256,-448,-16,256,-320,-16,-320,0,96,-320,64,96,-192,64,96,-320,0,96,-192,64,96,-192,-64,96,-320,0,96,-192,-64,96,-192,-128,96,-320,0,96,-192,-128,96,-192,-160,96,-320,0,96,-192,-160,96,-320,-160,96,-192,-160,96,-192,-256,96,-192,-320,96,-192,-160,96,-192,-320,96,-192,-384,96,-192,-160,96,-192,-384,96,-320,-384,96,-192,-160,96,-320,-384,96,-320,-224,96,-192,-160,96,-320,-224,96,-320,-160,96,-192,-384,96,-192,-448,96,-320,-448,96,-192,-384,96,-320,-448,96,-320,-384,96,-192,-64,-16,-320,-64,-16,-320,0,-16,-192,-64,-16,-320,0,-16,-320,64,-16,-192,-64,-16,-320,64,-16,-192,64,-16,-192,-448,-16,-320,-448,-16,-320,-320,-16,-192,-448,-16,-320,-320,-16,-192,-320,-16,-320,-224,-16,-320,-64,-16,-192,-64,-16,-320,-224,-16,-192,-64,-16,-192,-128,-16,-320,-224,-16,-192,-128,-16,-192,-256,-16,-320,-224,-16,-192,-256,-16,-192,-288,-16,-320,-224,-16,-192,-288,-16,-320,-288,-16,-192,-288,-16,-192,-320,-16,-320,-320,-16,-192,-288,-16,-320,-320,-16,-320,-288,-16]}]}