{"map":"dmmp3","version":2,"bounds":{"minX":-592,"maxX":608,"minY":-490.5,"maxY":736},"locs":[{"name":"","z":128,"tris":[608,80,288,592,80,288,592,160,288,608,80,288,592,160,288,608,160,288,608,288,208,608,160,208,592,160,208,608,288,208,592,160,208,592,288,208,592,96,208,592,144,208,600,144,208,592,96,208,600,144,208,600,96,208,600,96,208,600,144,208,608,144,208,600,96,208,608,144,208,608,96,208,400,192,208,400,272,208,400,288,208,400,192,208,400,288,208,592,288,208,400,192,208,592,288,208,592,160,208,400,192,208,592,160,208,592,144,208,400,192,208,592,144,208,592,96,208,400,192,208,592,96,208,480,96,208,400,192,208,480,96,208,400,96,208,480,96,208,592,96,208,592,80,208,480,96,208,592,80,208,480,80,208,608,-64,208,544,-64,208,480,-64,208,608,-64,208,480,-64,208,480,80,208,608,-64,208,480,80,208,592,80,208,608,-64,208,592,80,208,608,80,208,400,-32,208,400,48,208,400,96,208,400,-32,208,400,96,208,480,96,208,400,-32,208,480,96,208,480,80,208,400,-32,208,480,80,208,480,-64,208,400,-32,208,480,-64,208,400,-64,208,384,192,208,384,272,208,400,272,208,384,192,208,400,272,208,400,192,208,192,272,237.53845,384,272,208,384,192,208,192,272,237.53845,384,192,208,192,192,237.53845,192,272,237.53845,192,192,237.53845,176,192,240,192,272,237.53845,176,192,240,176,272,240,384,-32,208,384,48,208,400,48,208,384,-32,208,400,48,208,400,-32,208,192,48,178.46153,384,48,208,384,-32,208,192,48,178.46153,384,-32,208,192,-32,178.46153,192,48,178.46153,192,-32,178.46153,176,-32,176,192,48,178.46153,176,-32,176,176,48,176,480,-80,209.77779,480,-64,208,544,-64,208,480,-80,209.77779,544,-64,208,544,-80,209.77779,480,-80,209.77779,544,-80,209.77779,544,-208,224,480,-80,209.77779,544,-208,224,480,-208,224,544,-272,224,480,-272,224,480,-208,224,544,-272,224,480,-208,224,544,-208,224,368,-208,256,368,-272,256,304,-272,256,368,-208,256,304,-272,256,304,-208,256,368,-272,256,368,-208,256,480,-208,224,368,-272,256,480,-208,224,480,-272,224,304,-368,288,368,-368,288,368,-432,288,304,-368,288,368,-432,288,304,-437.33334,288,304,-272,256,368,-272,256,368,-368,288,304,-272,256,368,-368,288,304,-368,288,304,-368,288,304,-437.33334,288,176,-448,304,304,-368,288,176,-448,304,176,-368,304,-368,-120,0,-336,-128,0,-367.4386,-135.85965,0,-368,-120,0,-367.4386,-135.85965,0,-368,-135.75006,0,-368,-120,0,-368,-135.75006,0,-407.8419,-127.968376,0,-104.675644,185.07025,0,-128,128,0,-160.44075,207.3763,0,-240,114.83186,0,-99.79999,59,0,-96,57.486725,0,-240,114.83186,0,-96,57.486725,0,-72.177765,48,0,-240,114.83186,0,-72.177765,48,0,-32,32,0,-240,114.83186,0,-32,32,0,-223.59923,-44.30058,0,-240,114.83186,0,-223.59923,-44.30058,0,-240,-32,0,-215.08862,296.91138,0,-193.52353,288.32352,0,-180.24065,255.82285,0,-215.08862,296.91138,0,-180.24065,255.82285,0,-234.69267,277.3073,0,-90.48452,219.79323,0,-80.819595,243.44142,0,-32,224,0,-90.48452,219.79323,0,-32,224,0,-66.48883,210.26552,0,-90.48452,219.79323,0,-66.48883,210.26552,0,-68.14732,209.60506,0,-90.48452,219.79323,0,-68.14732,209.60506,0,-96,198.51329,0,-90.48452,219.79323,0,-96,198.51329,0,-99.8,197,0,-180.04984,255.35591,0,-90.48452,219.79323,0,-99.8,197,0,-180.04984,255.35591,0,-99.8,197,0,-104.675644,185.07025,0,-180.04984,255.35591,0,-104.675644,185.07025,0,-160.44075,207.3763,0,-180.04984,255.35591,0,-160.44075,207.3763,0,-240,239.2,0,-180.04984,255.35591,0,-240,239.2,0,-240,272,0,-180.04984,255.35591,0,-240,272,0,-234.87518,277.12482,0,-180.24065,255.82285,0,-193.52353,288.32352,0,-80.819595,243.44142,0,-180.24065,255.82285,0,-80.819595,243.44142,0,-90.48452,219.79323,0,-180.24065,255.82285,0,-90.48452,219.79323,0,-180.04984,255.35591,0,-234.69267,277.3073,0,-180.24065,255.82285,0,-180.04984,255.35591,0,-234.69267,277.3073,0,-180.04984,255.35591,0,-234.87518,277.12482,0,-32,32,0,4.1472583,46.3949,0,8.177759,48,0,-32,32,0,8.177759,48,0,32,57.486725,0,-32,32,0,32,57.486725,0,32,49.702133,0,-32,32,0,32,49.702133,0,32,-80,0,-32,32,0,32,-80,0,-176,-80,0,-32,32,0,-176,-80,0,-223.59923,-44.30058,0,-240,192,0,-240,239.2,0,-160.44075,207.3763,0,-240,192,0,-160.44075,207.3763,0,-128,128,0,-240,192,0,-128,128,0,-99.79999,59,0,-240,192,0,-99.79999,59,0,-240,114.83186,0,32,57.486725,0,35.800003,59,0,32,49.702133,0,88.53334,176,0,176,176,0,176,-32,0,88.53334,176,0,176,-32,0,140.32613,-58.755413,0,88.53334,176,0,140.32613,-58.755413,0,64,128,0,88.53334,176,0,64,128,0,49.14262,164.3532,0,88.53334,176,0,49.14262,164.3532,0,44.382618,176,0,32,49.702133,0,35.800003,59,0,50.23691,94.324356,0,32,49.702133,0,50.23691,94.324356,0,50.63349,95.294716,0,32,49.702133,0,50.63349,95.294716,0,64,128,0,32,49.702133,0,64,128,0,140.32613,-58.755413,0,32,49.702133,0,140.32613,-58.755413,0,112,-80,0,32,49.702133,0,112,-80,0,48,-80,0,32,49.702133,0,48,-80,0,32,-80,0,44.382618,176,0,35.80001,197,0,88.53334,176,0,48,336,0,112,336,0,176,272,0,48,336,0,176,272,0,176,192,0,48,336,0,176,192,0,176,176,0,48,336,0,176,176,0,88.53334,176,0,48,336,0,88.53334,176,0,35.80001,197,0,48,336,0,35.80001,197,0,-32,224,0,48,336,0,-32,224,0,-80.819595,243.44142,0,48,336,0,-80.819595,243.44142,0,-193.52353,288.32352,0,48,336,0,-193.52353,288.32352,0,-215.08862,296.91138,0,48,336,0,-215.08862,296.91138,0,-176,336,0,-285.7143,656,256,-432,656,384,-432,736,384,-285.7143,656,256,-432,736,384,-285.7143,736,256,-285.7143,656,256,-285.7143,736,256,-208,736,188,-285.7143,656,256,-208,736,188,-208,656,188,-208,736,188,-176,736,160,-176,656,160,-208,736,188,-176,656,160,-208,656,188,-176,576,160,-176,656,160,-176,736,160,-176,576,160,-176,736,160,-96,736,160,-176,576,160,-96,736,160,-96,576,160,-176,576,160,-96,576,160,-96,512,160,-176,576,160,-96,512,160,-176,512,160,-96,512,160,-96,352,160,-96,336,160,-96,512,160,-96,336,160,-176,336,160,-96,512,160,-176,336,160,-176,352,160,-96,512,160,-176,352,160,-176,512,160,112,352,480,32,352,480,32,480,480,112,352,480,32,480,480,32,560,480,112,352,480,32,560,480,112,560,480,112,336,480,32,336,480,32,352,480,112,336,480,32,352,480,112,352,480,-192,480,480,-192,560,480,-64,560,480,-192,480,480,-64,560,480,32,560,480,-192,480,480,32,560,480,32,480,480,-192,480,464,-240,480,464,-240,560,464,-192,480,464,-240,560,464,-192,560,464,-240,560,448,-240,480,448,-288,480,448,-240,560,448,-288,480,448,-288,560,448,-288,480,432,-336,480,432,-336,560,432,-288,480,432,-336,560,432,-288,560,432,-336,480,416,-384,480,416,-384,560,416,-336,480,416,-384,560,416,-358.85715,560,416,-336,480,416,-358.85715,560,416,-336,560,416,-384,480,400,-432,480,400,-432,560,400,-384,480,400,-432,560,400,-384,560,400,-450.28574,456.68573,384,-450.2857,336,384,-512,336,384,-450.28574,456.68573,384,-512,336,384,-512,432,384,-450.28574,736,384,-432,736,384,-432,656,384,-450.28574,736,384,-432,656,384,-432,560,384,-450.28574,736,384,-432,560,384,-432,512,384,-450.28574,736,384,-432,512,384,-450.2857,512,384,-432,512,384,-432,480,384,-432,336,384,-432,512,384,-432,336,384,-450.2857,336,384,-432,512,384,-450.2857,336,384,-450.28574,456.68573,384,-432,512,384,-450.28574,456.68573,384,-450.2857,512,384,-512,656,384,-512,736,384,-450.28574,736,384,-512,656,384,-450.28574,736,384,-450.2857,512,384,-512,656,384,-450.2857,512,384,-512,512,384,-450.2857,512,384,-450.28574,456.68573,384,-512,432,384,-450.2857,512,384,-512,432,384,-512,512,384,176,272,240,176,192,240,32,192,289.84616,176,272,240,32,192,289.84616,32,272,289.84616,32,144,420.92307,32,336,480,112,336,480,32,144,420.92307,112,336,480,112,144,420.92307,32,144,420.92307,112,144,420.92307,112,112,411.0769,32,144,420.92307,112,112,411.0769,32,112,411.0769,112,112,411.0769,112,-80,352,32,-80,352,112,112,411.0769,32,-80,352,32,112,411.0769,-16,192,306.46155,-240,192,384,-240,272,384,-16,192,306.46155,-240,272,384,-16,272,306.46155,32,192,289.84616,-16,192,306.46155,-16,272,306.46155,32,192,289.84616,-16,272,306.46155,32,272,289.84616,-176,112,237.53847,-176,144,226.46153,-176,336,160,-176,112,237.53847,-176,336,160,-96,336,160,-176,112,237.53847,-96,336,160,-96,272,182.15385,-176,112,237.53847,-96,272,182.15385,-96,112,237.53848,-176,48,259.69232,-176,112,