{"map":"e1m2ya","version":2,"bounds":{"minX":2048,"maxX":3184,"minY":-312,"maxY":376},"locs":[{"name":"","z":-26,"tris":[3040,344,48,3040,376,48,3152,376,48,3040,344,48,3152,376,48,3152,216,48,3040,344,48,3152,216,48,3040,216,48,2799.4224,344,48,2800,344,48,2799.4224,216,48,2800,216,48,2799.4224,216,48,2800,344,48,2800,216,48,2800,344,48,3022.8447,344,48,2800,216,48,3022.8447,344,48,3022.8447,216,48,2576,344,48,2799.4224,344,48,2799.4224,216,48,2576,344,48,2799.4224,216,48,2576,216,48,3024,216,48,3022.8447,216,48,3022.8447,344,48,3024,216,48,3022.8447,344,48,3040,344,48,3024,216,48,3040,344,48,3040,216,48,3024,216,-68,2928,216,-68,2928,376,-68,3024,216,-68,2928,376,-68,3152,376,-68,3024,216,-68,3152,376,-68,3152,216,-68,2800,216,-68,2704,216,-68,2704,240,-68,2800,216,-68,2704,240,-68,2704,272,-68,2800,216,-68,2704,272,-68,2704,304,-68,2800,216,-68,2704,304,-68,2704,336,-68,2800,216,-68,2704,336,-68,2704,376,-68,2800,216,-68,2704,376,-68,2928,376,-68,2800,216,-68,2928,376,-68,2928,216,-68,3184,376,-68,3184,216,-68,3152,216,-68,3184,376,-68,3152,216,-68,3152,376,-68,2672,336,-68,2672,376,-68,2704,376,-68,2672,336,-68,2704,376,-68,2704,336,-68,2672,272,-68,2672,304,-68,2704,304,-68,2672,272,-68,2704,304,-68,2704,272,-68,2672,240,-68,2704,240,-68,2704,216,-68,2672,240,-68,2704,216,-68,2672,216,-68,2576,376,-68,2672,376,-68,2672,336,-68,2576,376,-68,2672,336,-68,2672,304,-68,2576,216,-68,2576,376,-68,2672,304,-68,2576,216,-68,2672,304,-68,2672,272,-68,2576,216,-68,2672,272,-68,2672,240,-68,2576,216,-68,2672,240,-68,2672,216,-68,3024,376,-96,3024,216,-96,2800,216,-96,3024,376,-96,2800,216,-96,2800,376,-96,2800,376,-96,2800,216,-96,2576,216,-96,2800,376,-96,2576,216,-96,2576,376,-96,3184,376,-96,3184,216,-96,3024,216,-96,3184,376,-96,3024,216,-96,3024,376,-96,2992,192,109.333336,3005.3333,192,109.333336,3010.6667,184,114.666664,2992,192,109.333336,3010.6667,184,114.666664,2957.3333,184,114.666664,2992,192,109.333336,2957.3333,184,114.666664,2962.6667,192,109.333336,2976,200,104,2992,200,104,2992,192,109.333336,2976,200,104,2992,192,109.333336,2962.6667,192,109.333336,2976,200,104,2962.6667,192,109.333336,2968,200,104,2992,192,109.333336,2992,200,104,3000,200,104,2992,192,109.333336,3000,200,104,3005.3333,192,109.333336,2976,200,77,2992,200,77,2992,192,77,2976,200,77,2992,192,77,2976,192,77,3024,216,-96,3024,184,-96,2800,184,-96,3024,216,-96,2800,184,-96,2800,216,-96,2800,216,-96,2800,184,-96,2576,184,-96,2800,216,-96,2576,184,-96,2576,216,-96,3184,216,-96,3184,184,-96,3024,184,-96,3184,216,-96,3024,184,-96,3024,216,-96,2928,216,-68,3024,216,-68,3024,184,-68,2928,216,-68,3024,184,-68,2800,184,-68,2928,216,-68,2800,184,-68,2800,216,-68,2576,216,-68,2672,216,-68,2576,184,-68,2800,184,-68,2576,184,-68,2672,216,-68,2800,184,-68,2672,216,-68,2704,216,-68,2800,184,-68,2704,216,-68,2800,216,-68,3152,216,-68,3184,216,-68,3184,184,-68,3152,216,-68,3184,184,-68,3024,184,-68,3152,216,-68,3024,184,-68,3024,216,-68,2916,48,16,2916,152,16,2920,152,16,2916,48,16,2920,152,16,2920,48,16,2916,128,32,2916,72,32,2912,72,32,2916,128,32,2912,72,32,2912,128,32,2912,128,32,2912,72,32,2904,72,32,2912,128,32,2904,72,32,2904,128,32,2900,128,32,2904,128,32,2904,72,32,2900,128,32,2904,72,32,2900,72,32,2900,132,152,2916,132,152,2916,68,152,2900,132,152,2916,68,152,2900,68,152,2916,140,144,2916,132,152,2900,132,152,2916,140,144,2900,132,152,2900,140,144,2916,68,152,2916,60,144,2900,60,144,2916,68,152,2900,60,144,2900,68,152,2916,148,136,2916,140,144,2900,140,144,2916,148,136,2900,140,144,2900,148,136,2916,140,44,2916,128,32,2912,128,32,2916,140,44,2912,128,32,2912,140,44,2912,140,44,2912,128,32,2904,128,32,2912,140,44,2904,128,32,2904,140,44,2904,140,44,2904,128,32,2900,128,32,2904,140,44,2900,128,32,2900,140,44,2916,72,32,2916,60,44,2912,60,44,2916,72,32,2912,60,44,2912,72,32,2912,72,32,2912,60,44,2904,60,44,2912,72,32,2904,60,44,2904,72,32,2904,72,32,2904,60,44,2900,60,44,2904,72,32,2900,60,44,2900,72,32,2916,60,144,2916,52,136,2900,52,136,2916,60,144,2900,52,136,2900,60,144,2900,48,16,2900,152,16,2916,152,16,2900,48,16,2916,152,16,2916,48,16,2832,48,16,2734.9333,48,16,2734.9333,152,16,2832,48,16,2734.9333,152,16,2832,152,16,2832,48,16,2832,152,16,2900,152,16,2832,48,16,2900,152,16,2900,48,16,2608,48,-88,2608,152,-88,2617.0667,152,-88,2608,48,-88,2617.0667,152,-88,2617.0667,48,-88,2734.9333,48,16,2639.7334,48,-68,2639.7334,152,-68,2734.9333,48,16,2639.7334,152,-68,2734.9333,152,16,2617.0667,152,-88,2639.7334,152,-68,2639.7334,48,-68,2617.0667,152,-88,2639.7334,48,-68,2617.0667,48,-88,2639.7334,48,-68,2608,48,-68,2608,152,-68,2639.7334,48,-68,2608,152,-68,2639.7334,152,-68,2576,88,64,2576,136,64,2596,136,64,2576,88,64,2596,136,64,2596,88,64,2600,152,-96,2600,48,-96,2576,48,-96,2600,152,-96,2576,48,-96,2576,152,-96,2600,48,-88,2600,152,-88,2608,152,-88,2600,48,-88,2608,152,-88,2608,48,-88,2576,48,-68,2576,152,-68,2608,152,-68,2576,48,-68,2608,152,-68,2608,48,-68,2792,-40,96,2792,-104,96,2664,-104,96,2792,-40,96,2664,-104,96,2664,24,96,2792,-40,96,2664,24,96,2728,24,96,2664,-144,112,2664,-104,112,2792,-104,112,2664,-144,112,2792,-104,112,2792,-144,112,2664,-184,128,2664,-144,128,2792,-144,128,2664,-184,128,2792,-144,128,2792,-184,128,2728,-312,144,2664,-312,144,2664,-184,144,2728,-312,144,2664,-184,144,2792,-184,144,2728,-312,144,2792,-184,144,2792,-248,144,2608,-104,64,2584,-104,64,2584,24,64,2608,-104,64,2584,24,64,2608,24,64,2608,-104,64,2608,24,64,2624,24,64,2608,-104,64,2624,24,64,2624,-104,64,2624,-104,80,2624,24,80,2664,24,80,2624,-104,80,2664,24,80,2664,-104,80,2584,-104,48,2576,-104,48,2576,-96,48,2576,-80,48,2576,24,48,2584,24,48,2576,-80,48,2584,24,48,2584,-104,48,2576,-80,48,2584,-104,48,2576,-96,48,2576,-312,160,2576,-184,160,2664,-184,160,2576,-312,160,2664,-184,160,2664,-312,160,2404,376,32,2404,344,32,2356,344,32,2404,376,32,2356,344,32,2356,376,32,2356,80,136,2404,80,136,2404,72,136,2356,80,136,2404,72,136,2356,72,136,2344,80,136,2344,160,136,2356,160,136,2344,80,136,2356,160,136,2356,80,136,2404,160,136,2416,160,136,2416,80,136,2404,160,136,2416,80,136,2404,80,136,2404,160,136,2404,80,136,2356,80,136,2404,160,136,2356,80,136,2356,160,136,2356,160,136,2356,168,136,2404,168,136,2356,160,136,2404,168,136,2404,160,136,2560,100,228,2560,116,228,2576,116,228,2560,100,228,2576,116,228,2576,100,228,2184,360,172,2184,376,172,2200,376,172,2184,360,172,2200,376,172,2200,360,172,2256,216,48,2192,216,48,2192,344,48,2415.4224,344,48,2415.4224,216,48,2404,216,48,2415.4224,344,48,2404,216,48,2356,216,48,2415.4224,344,48,2356,216,48,2256,216,48,2415.4224,344,48,2256,216,48,2192,344,48,2416,344,48,2576,344,48,2576,216,48,2416,344,48,2576,216,48,2415.4224,216,48,2416,344,48,2415.4224,216,48,2415.4224,344,48,2404,192,76,2356,192,76,2356,216,76,2404,192,76,2356,216,76,2404,216,76,2404,192,108,2404,168,108,2356,168,108,2404,192,108,2356,168,108,2356,192,108,2356,48,108,2356,72,108,2404,72,108,2356,48,108,2404,72,108,2404,48,108,2356,48,76,2404,48,76,2404,24,76,2356,48,76,2404,24,76,2356,24,76,2256,24,48,2192,24,48,2192,88,48,2192,216,48,2256,216,48,2192,152,48,2415.4224,-80,48,2356,24,48,2404,24,48,2415.4224,-80,48,2404,24,48,2415.4224,24,48,2232,-80,48,2192,-80,48,2192,24,48,2232,-80,48,2192,24,48,2256,24,48,2232,-80,48,2256,24,48,2356,24,48,2232,-80,48,2356,24,48,2415.4224,-80,48,2455.4224,-80,48,2415.4224,-80,48,2415.4224,24,48,2455.4224,-80,48,2415.4224,24,48,2576,24,48,2455.4224,-80,48,2576,24,48,2576,-80,48,2072,240,48,2072,344,48,2192,344,48,2072,240,48,2192,344,48,2192,216,48,2072,240,48,2192,216,48,2072,216,48,2192,152,48,2192,120,48,2072,120,48,2192,152,48,2072,120,48,2072,216,48,2192,152,48,2072,216,48,2192,216,48,2088,-80,48,2072,-80,48,2072,64,48,2088,-80,48,2072,64,48,2192,24,48,2088,-80,48,2192,24,48,2192,-80,48,2192,88,48,2192,24,48,2072,64,48,2192,88,48,2072,64,48,2072,88,48,2192,88,48,2072,88,48,2072,120,48,2192,88,48,2072,120,48,2192,120,48,2064,240,48,2064,344,48,2072,344,48,2064,240,48,2072,344,48,2072,240,48,2072,120,48,2072,88,48,2064,88,48,2072,120,48,2064,88,48,2064,