{"map":"ft!","version":2,"bounds":{"minX":-144,"maxX":800,"minY":-1536,"maxY":1344},"locs":[{"name":"","z":-352,"tris":[656,1344,-464,656,1328,-464,416,1328,-464,656,1344,-464,416,1328,-464,416,1344,-464,608,1280,-448,464,1280,-448,464,1328,-448,608,1280,-448,464,1328,-448,608,1328,-448,608,1152,-416,464,1152,-416,464,1280,-448,608,1152,-416,464,1280,-448,608,1280,-448,576,976,-640,608,976,-640,608,896,-640,576,976,-640,608,896,-640,576,896,-640,608,896,-640,608,672,-640,576,672,-640,608,896,-640,576,672,-640,576,896,-640,608,672,-640,608,448,-640,576,448,-640,608,672,-640,576,448,-640,576,672,-640,560,976,-640,576,976,-640,576,928,-640,560,976,-640,576,928,-640,560,928,-640,576,928,-640,576,704,-640,560,704,-640,576,928,-640,560,704,-640,560,928,-640,576,704,-640,576,480,-640,560,480,-640,576,704,-640,560,480,-640,560,704,-640,464,976,-640,560,976,-640,560,864,-640,464,976,-640,560,864,-640,464,864,-640,400,976,-640,464,976,-640,464,928,-640,400,976,-640,464,928,-640,400,928,-640,464,928,-640,464,704,-640,400,704,-640,464,928,-640,400,704,-640,400,928,-640,464,704,-640,464,480,-640,400,480,-640,464,704,-640,400,480,-640,400,704,-640,560,720,-640,464,720,-640,464,784,-640,560,720,-640,464,784,-640,560,784,-640,560,576,-640,464,576,-640,464,640,-640,560,576,-640,464,640,-640,560,640,-640,464,496,-640,560,496,-640,560,480,-640,464,496,-640,560,480,-640,464,480,-640,576,480,-640,576,448,-640,400,448,-640,576,480,-640,400,448,-640,400,480,-640,624,848,-624,608,848,-624,608,944,-624,624,848,-624,608,944,-624,624,944,-624,800,1024,-416,688,1024,-416,688,1152,-416,800,1024,-416,688,1152,-416,800,1152,-416,800,960,-448,800,944,-448,688,944,-448,800,960,-448,688,944,-448,688,960,-448,800,960,-448,688,960,-448,688,1024,-416,800,960,-448,688,1024,-416,800,1024,-416,688,1136,-400,688,1040,-400,608,1040,-400,688,1136,-400,608,1040,-400,608,1136,-400,752,848,-496,736,848,-496,736,944,-496,752,848,-496,736,944,-496,752,944,-496,768,848,-480,752,848,-480,752,944,-480,768,848,-480,752,944,-480,768,944,-480,688,320,-317.1282,688,496,-448,800,496,-448,688,320,-317.1282,800,496,-448,800,320,-317.12823,688,96,-150.5641,688,320,-317.1282,800,320,-317.12823,688,96,-150.5641,800,320,-317.12823,800,96,-150.56412,800,-128,16,688,-128,16,688,96,-150.5641,800,-128,16,688,96,-150.5641,800,96,-150.56412,800,848,-448,784,848,-448,784,944,-448,800,848,-448,784,944,-448,800,944,-448,784,848,-464,768,848,-464,768,944,-464,784,848,-464,768,944,-464,784,944,-464,688,848,-448,800,848,-448,800,720,-448,688,848,-448,800,720,-448,688,720,-448,800,720,-448,800,496,-448,688,496,-448,800,720,-448,688,496,-448,688,720,-448,800,-128,16,800,-144,16,688,-144,16,800,-128,16,688,-144,16,688,-128,16,704,-256,128,800,-256,128,800,-432,128,704,-256,128,800,-432,128,704,-432,128,800,-144,16,800,-256,16,688,-256,16,800,-144,16,688,-256,16,688,-144,16,688,-144,16,688,-256,16,608,-256,16,688,-144,16,608,-256,16,608,-144,16,720,-272,16,768,-272,16,768,-288,16,720,-272,16,768,-288,16,720,-288,16,720,-304,16,736,-304,16,736,-320,16,720,-304,16,736,-320,16,720,-320,16,784,-256,16,784,-272,16,720,-272,16,784,-256,16,720,-272,16,720,-256,16,752,-288,16,752,-304,16,720,-304,16,752,-288,16,720,-304,16,720,-288,16,720,-336,16,608,-336,16,608,-256,16,720,-336,16,608,-256,16,720,-256,16,688,-352,16,688,-368,16,672,-368,16,688,-352,16,672,-368,16,672,-352,16,672,-336,16,704,-336,16,704,-352,16,672,-336,16,704,-352,16,672,-352,16,672,-384,16,608,-384,16,608,-336,16,672,-384,16,608,-336,16,672,-336,16,656,-384,16,656,-400,16,608,-400,16,656,-384,16,608,-400,16,608,-384,16,608,-416,16,608,-400,16,640,-400,16,608,-416,16,640,-400,16,640,-416,16,608,-432,16,608,-416,16,624,-416,16,608,-432,16,624,-416,16,624,-432,16,736,848,-512,720,848,-512,720,944,-512,736,848,-512,720,944,-512,736,944,-512,720,848,-528,704,848,-528,704,944,-528,720,848,-528,704,944,-528,720,944,-528,704,848,-544,688,848,-544,688,944,-544,704,848,-544,688,944,-544,704,944,-544,688,848,-560,672,848,-560,672,944,-560,688,848,-560,672,944,-560,688,944,-560,672,848,-576,656,848,-576,656,944,-576,672,848,-576,656,944,-576,672,944,-576,656,848,-592,640,848,-592,640,944,-592,656,848,-592,640,944,-592,656,944,-592,640,848,-608,624,848,-608,624,944,-608,640,848,-608,624,944,-608,640,944,-608,464,1152,-416,608,1152,-416,608,992,-416,464,1152,-416,608,992,-416,464,992,-416,608,992,-416,608,976,-416,464,976,-416,608,992,-416,464,976,-416,464,992,-416,608,240,-432,584,240,-432,584,448,-640,608,240,-432,584,448,-640,608,448,-640,584,240,-432,448,240,-432,448,448,-640,584,240,-432,448,448,-640,584,448,-640,400,448,-640,448,448,-640,448,240,-432,400,448,-640,448,240,-432,338.82352,240,-432,560,768,-32,560,880,-32,576,880,-32,560,768,-32,576,880,-32,576,768,-32,448,864,-32,448,880,-32,560,880,-32,448,864,-32,560,880,-32,560,864,-32,464,864,-32,464,768,-32,448,768,-32,464,864,-32,448,768,-32,448,864,-32,464,768,-32,464,784,-32,560,784,-32,464,768,-32,560,784,-32,560,768,-32,560,864,48,560,784,48,464,784,48,560,864,48,464,784,48,464,864,48,464,624,-32,464,640,-32,560,640,-32,464,624,-32,560,640,-32,560,624,-32,560,720,-32,464,720,-32,464,736,-32,560,720,-32,464,736,-32,560,736,-32,448,736,-32,464,736,-32,464,624,-32,448,736,-32,464,624,-32,448,624,-32,560,736,-32,576,736,-32,576,624,-32,560,736,-32,576,624,-32,560,624,-32,560,720,48,560,640,48,464,640,48,560,720,48,464,640,48,464,720,48,448,480,-32,448,592,-32,464,592,-32,448,480,-32,464,592,-32,464,480,-32,464,480,-32,464,496,-32,560,496,-32,464,480,-32,560,496,-32,560,480,-32,560,576,-32,464,576,-32,464,592,-32,560,576,-32,464,592,-32,560,592,-32,560,592,-32,576,592,-32,576,480,-32,560,592,-32,576,480,-32,560,480,-32,560,576,48,560,496,48,464,496,48,560,576,48,464,496,48,464,576,48,83,128,-173,128,128,-192,128,0,-192,83,128,-173,128,0,-192,83,0,-173,83,-16,-173,83,0,-173,128,0,-192,83,-16,-173,128,0,-192,128,-16,-192,128,-16,-192,128,0,-192,173,0,-173,128,-16,-192,173,0,-173,173,-16,-173,128,128,-192,173,128,-173,173,0,-173,128,128,-192,173,0,-173,128,0,-192,94,112,-162,128,112,-176,128,-16,-176,94,112,-162,128,-16,-176,94,-16,-162,128,112,-176,162,112,-162,162,-16,-162,128,112,-176,162,-16,-162,128,-16,-176,94,112,-94,128,112,-80,128,-16,-80,94,112,-94,128,-16,-80,94,-16,-94,128,112,-80,162,112,-94,162,-16,-94,128,112,-80,162,-16,-94,128,-16,-80,173,-48,-173,128,-48,-192,128,-16,-192,173,-48,-173,128,-16,-192,173,-16,-173,128,-48,-192,83,-48,-173,83,-16,-173,128,-48,-192,83,-16,-173,128,-16,-192,528,128,-416,528,240,-416,608,240,-416,528,128,-416,608,240,-416,608,128,-416,352,224,-416,528,224,-416,528,128,-416,352,224,-416,528,128,-416,352,128,-416,608,0,-416,608,-48,-416,528,-48,-416,608,0,-416,528,-48,-416,528,0,-416,584,112,-416,584,16,-416,352,16,-416,584,112,-416,352,16,-416,352,112,-416,584,112,-416,608,112,-416,608,0,-416,584,112,-416,608,0,-416,584,0,-416,584,0,-416,528,0,-416,528,16,-416,584,0,-416,528,16,-416,584,16,-416,224,160,-416,336,224,-416,352,224,-416,224,160,-416,352,224,-416,352,16,-416,224,160,-416,352,16,-416,336,16,-416,224,160,-416,336,16,-416,224,80,-416,208,160,-416,224,160,-416,224,80,-416,208,160,-416,224,80,-416,208,80,-416,112,144,-384,208,160,-416,208,144,-416,-112,96,-384,-112,144,-384,112,144,-384,-112,96,-384,112,144,-384,112,96,-384,112,96,-384,112,144,-384,208,144,-416,112,96,-384,208,144,-416,208,96,-416,112,96,-384,208,96,-416,208,80,-416,-128,240,-432,-112,240,-432,-112,0,-432,-128,240,-432,-112,0,-432,-128,0,-432,504,-56,136,496,-56,136,496,-48,136,504,-56,136,496,-48,136,504,-48,136,368,-56,136,360,-56,136,360,-48,136,368,-56,136,360,-48,136,368,-48,136,496,-56,136,368,-56,136,368,-48,136,496,-56,136,368,-48,136,496,-48,136,496,-56,-32,368,-56,-32,368,-48,-32,496,-56,-32,368,-48,-32,496,-48,-32,480,-48,-256,608,-48,-256,608,-96,-256,480,-48,-256,608,-96,-256,480,-96,-256,272,-48,-464,480,-48,-464,480,-96,-464,272,-48,-464,480,-96,-464,272,-96,-464,272,-496,-464,272,-720,-464,256,-720,-464,272,-496,-464,256,-720,-464,256,-496,-464,272,-272,-464,272,-496,-464,256,-496,-464,272,