{"map":"jqdf1","version":2,"bounds":{"minX":-239,"maxX":3983,"minY":-977,"maxY":2401},"locs":[{"name":"","z":256,"tris":[127.71429,-63.857143,400,0,-63.857143,400,0,63.857143,400,127.71429,-63.857143,400,0,63.857143,400,127.71429,63.857143,400,1792,1184,1536,1792,1199.4894,1536,1830.4928,1294.4928,1536,1792,1184,1536,1830.4928,1294.4928,1536,1907.9546,1371.9546,1536,1792,1184,1536,1907.9546,1371.9546,1536,1992.551,1408,1536,1792,1184,1536,1992.551,1408,1536,2016,1408,1536,1792,1184,1536,2016,1408,1536,2016,1184,1536,1880,960,1536,1833.2075,1006.7925,1536,1792,1104,1536,1880,960,1536,1792,1104,1536,1792,1184,1536,1880,960,1536,1792,1184,1536,2016,1184,1536,1880,960,1536,2016,1184,1536,2016,960,1536,2016,896,1536,2002.3958,896,1536,1904.5776,935.42236,1536,2016,896,1536,1904.5776,935.42236,1536,1880,960,1536,2016,896,1536,1880,960,1536,2016,960,1536,2092.9363,1408,1536,2192.232,1367.7681,1536,2240,1320,1536,2092.9363,1408,1536,2240,1320,1536,2240,1184,1536,2092.9363,1408,1536,2240,1184,1536,2016,1184,1536,2092.9363,1408,1536,2016,1184,1536,2016,1408,1536,2240,1184,1536,2240,1096,1536,2240,984,1536,2240,1184,1536,2240,984,1536,2216,960,1536,2240,1184,1536,2216,960,1536,2016,960,1536,2240,1184,1536,2016,960,1536,2016,1184,1536,2216,960,1536,2190.6416,934.6415,1536,2099.487,896,1536,2216,960,1536,2099.487,896,1536,2016,896,1536,2216,960,1536,2016,896,1536,2016,960,1536,2240,1184,1536,2240,1320,1536,2260.1516,1299.8485,1536,2240,1184,1536,2260.1516,1299.8485,1536,2304,1196.9387,1536,2240,1184,1536,2304,1196.9387,1536,2304,1104.1711,1536,2240,1184,1536,2304,1104.1711,1536,2300.7068,1096,1536,2240,1184,1536,2300.7068,1096,1536,2240,1096,1536,2300.7068,1096,1536,2266.0793,1010.0794,1536,2240,984,1536,2300.7068,1096,1536,2240,984,1536,2240,1096,1536,256,1824,224,256,2016,224,256,2048,224,256,1824,224,256,2048,224,480,2048,224,256,1824,224,480,2048,224,480,1824,224,480,1792,224,256,1792,224,256,1824,224,480,1792,224,256,1824,224,480,1824,224,480,1824,224,480,2048,224,704,2048,224,480,1824,224,704,2048,224,704,1824,224,704,1792,224,480,1792,224,480,1824,224,704,1792,224,480,1824,224,704,1824,224,768,2048,224,768,2016,224,768,1824,224,768,2048,224,768,1824,224,704,1824,224,768,2048,224,704,1824,224,704,2048,224,768,1824,224,768,1792,224,704,1792,224,768,1824,224,704,1792,224,704,1824,224,1088,1952,224,1088,2112,224,1088,2176,224,1088,1952,224,1088,2176,224,1312,2176,224,1088,1952,224,1312,2176,224,1312,1952,224,1088,1728,224,1088,1888,224,1088,1952,224,1088,1728,224,1088,1952,224,1312,1952,224,1088,1728,224,1312,1952,224,1312,1728,224,1312,1664,224,1088,1664,224,1088,1728,224,1312,1664,224,1088,1728,224,1312,1728,224,1344,2176,224,1344,2112,224,1344,1952,224,1344,2176,224,1344,1952,224,1312,1952,224,1344,2176,224,1312,1952,224,1312,2176,224,1344,1952,224,1344,1888,224,1344,1728,224,1344,1952,224,1344,1728,224,1312,1728,224,1344,1952,224,1312,1728,224,1312,1952,224,1344,1728,224,1344,1664,224,1312,1664,224,1344,1728,224,1312,1664,224,1312,1728,224,1664,1936,224,1664,2112,224,1664,2160,224,1664,1936,224,1664,2160,224,1888,2160,224,1664,1936,224,1888,2160,224,1888,1936,224,1664,1712,224,1664,1888,224,1664,1936,224,1664,1712,224,1664,1936,224,1888,1936,224,1664,1712,224,1888,1936,224,1888,1712,224,1888,1664,224,1664,1664,224,1664,1712,224,1888,1664,224,1664,1712,224,1888,1712,224,1920,2160,224,1920,2112,224,1920,1936,224,1920,2160,224,1920,1936,224,1888,1936,224,1920,2160,224,1888,1936,224,1888,2160,224,1920,1936,224,1920,1888,224,1920,1712,224,1920,1936,224,1920,1712,224,1888,1712,224,1920,1936,224,1888,1712,224,1888,1936,224,1920,1712,224,1920,1664,224,1888,1664,224,1920,1712,224,1888,1664,224,1888,1712,224,2304,1952,224,2304,2112,224,2304,2176,224,2304,1952,224,2304,2176,224,2528,2176,224,2304,1952,224,2528,2176,224,2528,1952,224,2304,1728,224,2304,1888,224,2304,1952,224,2304,1728,224,2304,1952,224,2528,1952,224,2304,1728,224,2528,1952,224,2528,1728,224,2528,1664,224,2304,1664,224,2304,1728,224,2528,1664,224,2304,1728,224,2528,1728,224,2560,2176,224,2560,2112,224,2560,1952,224,2560,2176,224,2560,1952,224,2528,1952,224,2560,2176,224,2528,1952,224,2528,2176,224,2560,1952,224,2560,1888,224,2560,1728,224,2560,1952,224,2560,1728,224,2528,1728,224,2560,1952,224,2528,1728,224,2528,1952,224,2560,1728,224,2560,1664,224,2528,1664,224,2560,1728,224,2528,1664,224,2528,1728,224,2944,1824,224,2944,2016,224,2944,2048,224,2944,1824,224,2944,2048,224,3168,2048,224,2944,1824,224,3168,2048,224,3168,1824,224,3168,1792,224,2944,1792,224,2944,1824,224,3168,1792,224,2944,1824,224,3168,1824,224,3168,1824,224,3168,2048,224,3392,2048,224,3168,1824,224,3392,2048,224,3392,1824,224,3392,1792,224,3168,1792,224,3168,1824,224,3392,1792,224,3168,1824,224,3392,1824,224,3392,1824,224,3392,2048,224,3616,2048,224,3392,1824,224,3616,2048,224,3616,1824,224,3616,1792,224,3392,1792,224,3392,1824,224,3616,1792,224,3392,1824,224,3616,1824,224,3840,2048,224,3840,2016,224,3840,1824,224,3840,2048,224,3840,1824,224,3616,1824,224,3840,2048,224,3616,1824,224,3616,2048,224,3840,1824,224,3840,1792,224,3616,1792,224,3840,1824,224,3616,1792,224,3616,1824,224,3584,1312,256,3584,1504,256,3584,1536,256,3584,1312,256,3584,1536,256,3808,1536,256,3584,1312,256,3808,1536,256,3808,1312,256,3808,1280,256,3584,1280,256,3584,1312,256,3808,1280,256,3584,1312,256,3808,1312,256,3840,1536,256,3840,1504,256,3840,1312,256,3840,1536,256,3840,1312,256,3808,1312,256,3840,1536,256,3808,1312,256,3808,1536,256,3840,1312,256,3840,1280,256,3808,1280,256,3840,1312,256,3808,1280,256,3808,1312,256,3584,800,352,3584,992,352,3584,1024,352,3584,800,352,3584,1024,352,3808,1024,352,3584,800,352,3808,1024,352,3808,800,352,3808,768,352,3584,768,352,3584,800,352,3808,768,352,3584,800,352,3808,800,352,3840,1024,352,3840,992,352,3840,800,352,3840,1024,352,3840,800,352,3808,800,352,3840,1024,352,3808,800,352,3808,1024,352,3840,800,352,3840,768,352,3808,768,352,3840,800,352,3808,768,352,3808,800,352,3072,1312,288,3072,1504,288,3072,1536,288,3072,1312,288,3072,1536,288,3296,1536,288,3072,1312,288,3296,1536,288,3296,1312,288,3296,1280,288,3072,1280,288,3072,1312,288,3296,1280,288,3072,1312,288,3296,1312,288,3328,1536,288,3328,1504,288,3328,1312,288,3328,1536,288,3328,1312,288,3296,1312,288,3328,1536,288,3296,1312,288,3296,1536,288,3328,1312,288,3328,1280,288,3296,1280,288,3328,1312,288,3296,1280,288,3296,1312,288,3072,800,320,3072,992,320,3072,1024,320,3072,800,320,3072,1024,320,3296,1024,320,3072,800,320,3296,1024,320,3296,800,320,3296,768,320,3072,768,320,3072,800,320,3296,768,320,3072,800,320,3296,800,320,3328,1024,320,3328,992,320,3328,800,320,3328,1024,320,3328,800,320,3296,800,320,3328,1024,320,3296,800,320,3296,1024,320,3328,800,320,3328,768,320,3296,768,320,3328,800,320,3296,768,320,3296,800,320,3584,352,384,3584,384,384,3584,576,384,3584,352,384,3584,576,384,3808,576,384,3584,352,384,3808,576,384,3808,352,384,3584,128,384,3584,160,384,3584,352,384,3584,128,384,3584,352,384,3808,352,384,3584,128,384,3808,352,384,3808,128,384,3584,-96,384,3584,-64,384,3584,128,384,3584,-96,384,3584,128,384,3808,128,384,3584,-96,384,3808,128,384,3808,-96,384,3808,-320,384,3776,-320,384,3584,-320,384,3808,-320,384,3584,-320,384,3584,-288,384,3808,-320,384,3584,-288,384,3584,-96,384,3808,-320,384,3584,-96,384,3808,-96,384,3840,576,384,3840,352,384,3808,352,384,3840,576,384,3808,352,384,3808,576,384,3840,352,384,3840,128,384,3808,128,384,3840,352,384,3808,128,384,3808,352,384,3840,128,384,3840,-96,384,3808,-96,384,3840,128,384,3808,-96,384,3808,128,384,3840,-96,384,3840,-320,384,3808,-320,384,3840,-96,384,3808,-320,384,3808,-96,384,1536,64,376,1664,-64,376,1536,-64,376,1536,-288,384,1536,-256,384,1536,-128,384,1536,-288,384,1536,-128,384,1536,-96,384,1536,-288,384,1536,-96,384,1536,-64,384,1536,-288,384,1536,-64,384,1760,-64,384,1536,-288,384,1760,-64,384,1760,-288,384,1760,-320,384,1536,-320,384,1536,-288,384,1760,-320,384,1536,-288,384,1760,-288,384,1760,-288,384,1760,-64,384,1984,-64,384,1760,-288,384,1984,-64,384,1984,-288,384,1984,-320,384,1760,-320,384,1760,-288,