{"map":"kjdm5","version":2,"bounds":{"minX":-448,"maxX":576,"minY":-128,"maxY":896},"locs":[{"name":"","z":376,"tris":[-160,368,576,-160,320,576,-160,288,576,-160,368,576,-160,288,576,-192,288,576,-160,368,576,-192,288,576,-192,368,576,-160,800,576,-160,768,576,-160,688,576,-160,800,576,-160,688,576,-176,744,576,32,799,576,32,800,576,33.745453,799.56366,576,64,288,576,-160,288,576,-160,320,576,64,288,576,-160,320,576,64,320,576,192,320,576,192,288,576,64,288,576,192,320,576,64,288,576,64,320,576,192,320,576,192,446.4,576,206.991,452.3964,576,192,320,576,206.991,452.3964,576,192.69565,288,576,192,320,576,192.69565,288,576,192,288,576,206.991,452.3964,576,192,446.4,576,192,544,576,206.991,452.3964,576,192,544,576,192,640,576,206.991,452.3964,576,192,640,576,224,640,576,206.991,452.3964,576,224,640,576,224,616,576,206.991,452.3964,576,224,616,576,224,528,576,206.991,452.3964,576,224,528,576,224,459.2,576,224,528,576,224,616,576,290,616,576,384,640,576,384,616,576,290,616,576,384,640,576,290,616,576,224,616,576,384,640,576,224,616,576,224,640,576,352,768,576,288,768,576,128,768,576,352,768,576,128,768,576,128,776,576,352,768,576,128,776,576,128,784,576,352,768,576,128,784,576,200,800,576,352,768,576,200,800,576,232,800,576,352,768,576,232,800,576,352,800,576,384,800,576,384,768,576,352,768,576,384,800,576,352,768,576,352,800,576,128,776,576,128,768,576,64,768,576,128,776,576,64,768,576,-64,768,576,128,776,576,-64,768,576,32,799,576,128,776,576,32,799,576,33.745453,799.56366,576,200,800,608,149.33333,788.7407,658.6667,138.94737,789.8947,669.0526,200,800,608,138.94737,789.8947,669.0526,128,794,680,200,800,608,128,794,680,128,795.8095,680,200,800,608,128,795.8095,680,128,800,680,-64,800,688,32,800,784,-64,768,688,-192,784,768,-174.76923,784,768,-176,744,784,-192,784,768,-176,744,784,-192,744,784,-104,784,664,-104,800,664,-64,800,688,-104,784,664,-64,800,688,-64,768,688,-176,744,784,-162.28572,696,736,-192,696,736,-176,744,784,-192,696,736,-192,744,784,-162.28572,696,736,-160,696,736,-128,632,784,-162.28572,696,736,-128,632,784,-192,632,784,-162.28572,696,736,-192,632,784,-192,696,736,-176,528.94116,784,-192,528,784,-192,623.68866,750.6102,-176,528.94116,784,-192,623.68866,750.6102,-167.80269,623.3911,751.21075,-168.20253,476.6076,682.63293,-192,476.6076,682.63293,-192,519.1059,706.91766,-168.20253,476.6076,682.63293,-192,519.1059,706.91766,-170.07059,519.1059,706.91766,-160,368,576,-192,368,576,-192,476.6076,682.63293,-160,368,576,-192,476.6076,682.63293,-168.20253,476.6076,682.63293,-56,784,48,-64,784,48,-64,816,48,-56,784,48,-64,816,48,-56,816,48,-64,828,48,-64,852,48,-56,852,48,-64,828,48,-56,852,48,-56,828,48,-64,864,48,-64,896,48,-56,896,48,-64,864,48,-56,896,48,-56,864,48,64,784,48,56,784,48,56,816,48,64,784,48,56,816,48,64,816,48,56,828,48,56,852,48,64,852,48,56,828,48,64,852,48,64,828,48,-56,816,48,-56,828,48,-56,852,48,-56,816,48,-56,852,48,-56,864,48,-56,816,48,-56,864,48,-56,896,48,-56,816,48,-56,896,48,56,896,48,-56,816,48,56,896,48,56,864,48,-56,816,48,56,864,48,56,852,48,-56,816,48,56,852,48,56,828,48,-56,816,48,56,828,48,56,816,48,-56,816,48,56,816,48,56,784,48,-56,816,48,56,784,48,-56,784,48,56,896,48,64,896,48,64,864,48,56,896,48,64,864,48,56,864,48,-64,320,320,-64,368,320,-56,368,320,-64,320,320,-56,368,320,64,368,320,-64,320,320,64,368,320,64,320,320,-160,432,320,-136,432,320,-88,432,320,-160,432,320,-88,432,320,-88,320,320,-160,432,320,-88,320,320,-136,320,320,-160,432,320,-136,320,320,-160,320,320,-64,368,320,-64,432,320,-56,432,320,-64,368,320,-56,432,320,-56,368,320,-56,368,320,-56,432,320,-56,448,320,-56,368,320,-56,448,320,64,448,320,-56,368,320,64,448,320,64,368,320,-64,768,320,-64,784,320,64,784,320,-64,768,320,64,784,320,64,768,320,-64,768,320,64,768,320,64,640,320,-64,768,320,64,640,320,-24,640,320,-64,768,320,-24,640,320,-64,680,320,64,368,320,64,448,320,192,448,320,64,368,320,192,448,320,192,320,320,64,368,320,192,320,320,160,320,320,64,368,320,160,320,320,64,320,320,304,486.4,320,304,512,320,312,512,320,208,576,320,304,576,320,304,528,320,208,576,320,304,528,320,304,512,320,208,576,320,304,512,320,304,486.4,320,208,576,320,304,486.4,320,272,384,320,208,576,320,272,384,320,240,384,320,208,576,320,240,384,320,208,416,320,384,576,320,448,576,320,476.85715,576,320,384,576,320,476.85715,576,320,480,576,320,384,576,320,480,576,320,384,528,320,384,576,320,384,528,320,304,528,320,384,576,320,304,528,320,304,576,320,476.2857,640,320,512,640,320,512,595.7143,320,476.2857,640,320,512,595.7143,320,494,606,320,476.2857,640,320,494,606,320,466,622,320,512,595.7143,320,512,592,320,480,576,320,512,595.7143,320,480,576,320,476.85715,576,320,512,595.7143,320,476.85715,576,320,478,578,320,512,595.7143,320,478,578,320,494,606,320,476.85715,576,320,448,576,320,448,590.5,320,476.85715,576,320,448,590.5,320,450,594,320,476.85715,576,320,450,594,320,478,578,320,448,640,320,476.2857,640,320,466,622,320,448,640,320,466,622,320,450,594,320,448,640,320,450,594,320,448,590.5,320,64,768,320,128,768,320,208,768,320,64,768,320,208,768,320,208,640,320,64,768,320,208,640,320,192,640,320,64,768,320,192,640,320,64,640,320,208,640,320,208,768,320,352,768,320,208,640,320,352,768,320,384,768,320,208,640,320,384,768,320,384,648,320,208,640,320,384,648,320,384,640,320,208,640,320,384,640,320,384,576,320,208,640,320,384,576,320,304,576,320,208,640,320,304,576,320,208,576,320,512,576,400,576,448,400,576,384,400,512,576,400,576,384,400,512,384,400,512,576,400,448,544,400,384,512,400,512,576,400,384,512,400,384,528,400,512,576,400,384,528,400,512,592,400,448,544,400,512,576,400,512,384,400,448,544,400,512,384,400,448,384,400,448,384,400,384,512,400,448,544,400,384,528,400,384,512,400,368,512,400,384,528,400,368,512,400,368,528,400,448,576,384,384,576,384,384,640,384,448,576,384,384,640,384,448,640,384,478,578,352,450,594,352,466,622,352,478,578,352,466,622,352,494,606,352,352,528,384,368,528,400,368,512,400,352,528,384,368,512,400,352,512,384,352,528,384,352,512,384,344,512,376,352,528,384,344,512,376,328,512,360,352,528,384,328,512,360,312,512,344,352,528,384,312,512,344,304,512,336,352,528,384,304,512,336,304,528,336,384,512,384,448,384,384,392,384,384,384,512,384,392,384,384,368,512,384,392,384,368,344,384,368,344,512,368,392,384,368,344,512,368,368,512,368,344,384,352,312,384,352,328,512,352,344,384,352,328,512,352,344,512,352,312,512,336,328,512,336,312,384,336,312,512,336,312,384,336,272,384,336,512,384,400,576,384,400,576,352,400,512,384,400,576,352,400,576,256,400,512,384,400,576,256,400,448,256,400,512,384,400,448,256,400,448,304,400,512,384,400,448,304,400,448,336,400,512,384,400,448,336,400,448,384,400,240,384,448,208,384,448,208,416,448,-56,448,336,-56,432,336,-64,432,340.92307,-56,448,336,-64,432,340.92307,-88,432,355.69232,-56,448,336,-88,432,355.69232,-112,432,370.46155,-56,448,336,-112,432,370.46155,-136,432,385.23077,-56,448,336,-136,432,385.23077,-160,432,400,-56,448,336,-160,432,400,-160,448,400,-160,432,384,-136,432,384,-136,320,384,-160,432,384,-136,320,384,-160,320,384,-112,432,352,-88,432,352,-88,320,352,-112,432,352,-88,320,352,-112,320,352,-88,432,336,-64,432,336,-64,320,336,-88,432,336,-64,320,336,-88,320,336,-136,432,368,-112,432,368,-112,320,368,-136,432,368,-112,320,368,-136,320,368,64,784,64,64,768,64,48,768,64,64,784,64,48,768,64,-64,768,64,64,784,64,-64,768,64,-64,784,64,64,768,64,128,768,64,192,768,64,64,768,64,192,768,64,192,744,64,64,768,64,192,744,64,192,544,64,64,768,64,192,544,64,64,544,64,192,544,64,192,520,64,64,520,64,192,544,64,64,520,64,64,536,64,192,544,64,64,536,64,64,544,64,64,472,112,192,472,112,192,448,112,64,472,112,192,448,112,64,448,112,192,496,80,64,496,80,64,520,80,192,496,80,64,520,80,192,520,80,192,472,96,64,472,96,64,496,96,192,472,96,64,496,96,192,496,96,48,768,64,64,768,64,64,544,64,48,768,64,64,544,64,64,536,64,48,768,64,64,536,64,48,536,64,48,536,80,64,536,80,64,520,90.666664,48,536,80,64,520,90.666664,64,496,106.666664,48,536,80,64,496,106.666664,64,472,122.666664,48,536,80,64,472,122.666664,64,464,128,48,