{"map":"kjdm2","version":2,"bounds":{"minX":-408,"maxX":504,"minY":-184,"maxY":776},"locs":[{"name":"","z":-112,"tris":[8,768,88,8,776,88,40,776,88,8,768,88,40,776,88,40,768,88,504,352,104,496,352,104,496,384,104,504,352,104,496,384,104,504,384,104,-224,552,-320,-88,552,-320,-88,320,-320,-224,552,-320,-88,320,-320,-136,320,-320,-224,552,-320,-136,320,-320,-224,360,-320,40,336,-320,40,320,-320,-56,320,-320,40,336,-320,-56,320,-320,-56,336,-320,-88,552,-320,48,552,-320,48,336,-320,-88,552,-320,48,336,-320,-88,336,-320,48,616,-320,48,552,-320,0,552,-320,48,616,-320,0,552,-320,0,616,-320,0,552,-320,-224,552,-320,-224,603.2001,-320,0,552,-320,-224,603.2001,-320,-96,616,-320,0,552,-320,-96,616,-320,0,616,-320,82.90909,336,-320,72,328,-320,72,336,-320,159.27274,392,-320,82.90909,336,-320,48,336,-320,159.27274,392,-320,48,336,-320,48,392,-320,48,616,-320,129.45456,616,-320,176,542.8572,-320,48,616,-320,176,542.8572,-320,176,404.26666,-320,48,616,-320,176,404.26666,-320,159.27274,392,-320,48,616,-320,159.27274,392,-320,48,392,-320,129.45456,616,-320,130.18178,616,-320,176,544,-320,129.45456,616,-320,176,544,-320,176,542.8572,-320,80,768,-128,80,656,-128,-32,656,-128,80,768,-128,-32,656,-128,-32,768,-128,40,336,-296,40,320,-296,-56,320,-296,40,336,-296,-56,320,-296,-56,336,-296,-224,603.2,-296,-96,616,-296,-88,616,-296,-224,603.2,-296,-88,616,-296,-88,320,-296,-224,603.2,-296,-88,320,-296,-136,320,-296,-224,603.2,-296,-136,320,-296,-224,360,-296,82.90909,336,-296,72,328,-296,72,336,-296,129.45457,616,-296,176,542.8572,-296,176,404.2667,-296,129.45457,616,-296,176,404.2667,-296,82.90909,336,-296,129.45457,616,-296,82.90909,336,-296,-88,336,-296,129.45457,616,-296,-88,336,-296,-88,616,-296,232,416,0,225.33333,400,0,192,400,0,232,416,0,192,400,0,192,504,0,232,416,0,192,504,0,194.2857,504,0,-264,400,0,-278,400,0,-288,480,0,-264,400,0,-288,480,0,-283.63635,504,0,-264,400,0,-283.63635,504,0,-264,504,0,488,216,176,488,200,176,392,200,176,488,216,176,392,200,176,392,216,176,408,208,40,408,216,40,472,216,40,408,208,40,472,216,40,472,208,40,408,200,40,408,208,40,472,208,40,408,200,40,472,208,40,472,200,40,496,304,16,496,192,16,384,192,16,496,304,16,384,192,16,384,304,16,384,528,16,496,528,16,496,304,16,384,528,16,496,304,16,384,304,16,384,528,16,384,416,16,232,416,16,384,528,16,232,416,16,184,528,16,384,528,16,192,528,16,192,656,16,384,528,16,192,656,16,240,656,16,192,528,16,184,528,16,-32,640,16,192,528,16,-32,640,16,-32,656,16,192,528,16,-32,656,16,192,656,16,288,416,16,288,304,16,192,304,16,288,416,16,192,304,16,192,320,16,288,416,16,192,320,16,232,416,16,192,320,16,192,304,16,160,304,16,288,304,16,288,208,16,64,208,16,288,304,16,64,208,16,64,256,16,288,304,16,64,256,16,160,304,16,64,192,16,-64,192,16,-64,256,16,64,192,16,-64,256,16,64,256,16,-256,656,16,-283.63635,504,16,-400,504,16,-256,656,16,-400,504,16,-400,608,16,-288,480,16,-288,504,16,-283.63635,504,16,-288,480,16,-272,352,16,-288,352,16,-272,352,16,-238.4,304,16,-288,304,16,-272,352,16,-288,304,16,-288,352,16,-400,504,16,-288,504,16,-288,304,16,-400,504,16,-288,304,16,-376,304,16,-400,504,16,-376,304,16,-400,352,16,-64,256,16,-64,192,16,-160,192,16,-64,256,16,-160,192,16,-216,272,16,-320,304,16,-238.4,304,16,-160,192,16,-320,304,16,-160,192,16,-320,192,16,-320,192,16,-376,304,16,-320,304,16,496,336,-256,496,304,-256,400,304,-256,496,336,-256,400,304,-256,400,336,-256,416,536,-72,416,528,-72,384,528,-72,416,536,-72,384,528,-72,384,536,-72,400,528,-176,400,432,-176,368,432,-176,400,528,-176,368,432,-176,368,528,-176,496,528,-192,496,432,-192,400,432,-192,496,528,-192,400,432,-192,400,528,-192,496,312,-104,496,304,-112,400,304,-112,496,312,-104,400,304,-112,400,312,-104,496,432,-208,496,400,-208,400,400,-208,496,432,-208,400,400,-208,400,432,-208,496,400,-224,496,368,-224,400,368,-224,496,400,-224,400,368,-224,400,400,-224,496,368,-240,496,336,-240,400,336,-240,496,368,-240,400,336,-240,400,368,-240,80,656,-112,80,640,-112,-32,640,-112,80,656,-112,-32,640,-112,-32,656,-112,-304,640,-112,-256,656,-112,-224,653.53845,-112,-304,640,-112,-224,653.53845,-112,-224,640,-112,-224,653.53845,-112,-64,641.2307,-112,-64,640,-112,-224,653.53845,-112,-64,640,-112,-224,640,-112,304,528,-128,304,432,-128,272,432,-128,304,528,-128,272,432,-128,272,528,-128,-168.0011,352,-112,-72,336,-112,-224,336,-112,-168.0011,352,-112,-224,336,-112,-224,352,-112,-224,536.8889,-112,-192,480,-112,-168.0011,352,-112,-224,536.8889,-112,-168.0011,352,-112,-224,352,-112,-224,416,-112,-224,304,-112,-376,304,-112,-224,416,-112,-376,304,-112,-384,320,-112,-224,416,-112,-384,320,-112,-384,416,-112,-384,613.3333,-112,-304,640,-112,-224,640,-112,-384,613.3333,-112,-224,640,-112,-224,416,-112,-384,613.3333,-112,-224,416,-112,-384,416,-112,-64,640,-112,-64,581,-112,-223.5683,536.1214,-112,-64,640,-112,-223.5683,536.1214,-112,-224,536.8889,-112,-64,640,-112,-224,536.8889,-112,-224,640,-112,-64,608,-112,32,608,-112,-64,581,-112,192,336,-112,192,304,-112,0,304,-112,192,336,-112,0,304,-112,0,336,-112,0,304,-112,-224,304,-112,-224,336,-112,0,304,-112,-224,336,-112,0,336,-112,152,403,-112,152,336,-112,48,336,-112,152,528,-112,192,528,-112,192,336,-112,152,528,-112,192,336,-112,152,336,-112,184,528,-112,152,528,-112,152,544,-112,184,528,-112,152,544,-112,184,544,-112,120,640,-112,130.6666,608,-112,-64,608,-112,120,640,-112,-64,608,-112,-64,640,-112,152,640,-112,184,544,-112,152,544,-112,152,640,-112,152,544,-112,120,640,-112,256,528,-112,256,304,-112,192,304,-112,256,528,-112,192,304,-112,192,528,-112,256,528,-112,272,528,-112,272,432,-112,256,528,-112,272,432,-112,256,432,-112,-152,504,-16,48,504,-16,48,400,-16,-152,504,-16,48,400,-16,-152,400,-16,112,440,-16,80,440,-16,80,464,-16,112,440,-16,80,464,-16,112,464,-16,112,400,-16,112,488,-16,192,488,-16,112,400,-16,192,488,-16,192,400,-16,192,488,-16,48,488,-16,48,504,-16,192,488,-16,48,504,-16,192,504,-16,48,488,-16,80,488,-16,80,400,-16,48,488,-16,80,400,-16,48,400,-16,80,400,-16,80,416,-16,112,416,-16,80,400,-16,112,416,-16,112,400,-16,-152,488,-16,-184,488,-16,-184,504,-16,-152,488,-16,-184,504,-16,-152,504,-16,-152,440,-16,-184,440,-16,-184,464,-16,-152,440,-16,-184,464,-16,-152,464,-16,-184,400,-16,-184,416,-16,-152,416,-16,-184,400,-16,-152,416,-16,-152,400,-16,-264,400,-16,-264,504,-16,-184,504,-16,-264,400,-16,-184,504,-16,-184,400,-16,368,528,-160,368,432,-160,336,432,-160,368,528,-160,336,432,-160,336,528,-160,336,528,-144,336,432,-144,304,432,-144,336,528,-144,304,432,-144,304,528,-144,320,316,-192,320,312,-192,288,312,-192,320,316,-192,288,312,-192,288,316,-192,368,312,-192,368,304,-192,320,304,-192,368,312,-192,320,304,-192,320,312,-192,320,312,-256,320,304,-256,288,304,-256,320,312,-256,288,304,-256,288,312,-256,64,624,-256,64,616,-256,0,616,-256,64,624,-256,0,616,-256,0,624,-256,288,312,-192,288,304,-192,72,304,-192,288,312,-192,72,304,-192,72,312,-192,-16,496,-272,-16,480,-272,-96,480,-272,-16,496,-272,-96,480,-272,-96,496,-272,-64,536,-272,-64,520,-272,-96,520,-272,-64,536,-272,-96,520,-272,-96,536,-272,-64,496,-272,-64,552,-272,-16,552,-272,-64,496,-272,-16,552,-272,-16,496,-272,40,480,-272,-16,480,-272,-16,552,-272,40,480,-272,-16,552,-272,40,552,-272,-64,560,-272,-96,560,-272,-96,576,-272,-64,560,-272,-96,576,-272,-64,576,-272,-64,552,-272,-64,576,-272,40,576,-272,-64,552,-272,40,576,-272,40,552,-272,-376,568,-136,-360,568,-136,-360,488,-136,-376,568,-136,-360,488,-136,-376,488,-136,-368,504,-248,-376,504,-248,-376,552,-248,-368,504,-248,-376,552,-248,-368,552,-248,-360,504,-248,-368,504,-248,-368,552,-248,-360,504,-248,-368,552,-248,-360,552,-248,-160,576,-272,-96,576,-272,-96,480,-272,-160,576,-272,-96,480,-272,-160,480,-272,-384,576,-272,-160,576,-272,-160,480,-272,-384,576,-272,-160,480,-272,-384,480,-272,24,448,-272,24,480,-272,40,480,-272,24,448,-272,40,480,-272,40,448,-272,0,480,-272,0,448,-272,-16,448,-272,0,480,-272,-16,448,-272,-16,480,-272,-56,480,-272,-40,480,-272,-40,448,-272,-56,480,-272,-40,448,-272,-56,448,-272,40,304,-272,-56,304,-272,-56,448,-272,40,304,-272,-56,448,-272,40,