{"map":"midair3","version":2,"bounds":{"minX":-512,"maxX":512,"minY":-640,"maxY":648},"locs":[{"name":"","z":8,"tris":[-501,637,888,501,637,888,501,-629,888,-501,637,888,501,-629,888,-501,-629,888,501,-405,0,501,-181,0,501,43,0,501,-405,0,501,43,0,501,267,0,501,-405,0,501,267,0,501,491,0,501,-405,0,501,491,0,501,637,0,501,-405,0,501,637,0,501,648,0,501,-405,0,501,648,0,512,648,0,501,-405,0,512,648,0,512,-629,0,501,-405,0,512,-629,0,501,-629,0,501,648,0,501,637,0,395,637,0,501,648,0,395,637,0,171,637,0,501,648,0,171,637,0,-53,637,0,501,648,0,-53,637,0,-277,637,0,501,648,0,-277,637,0,-501,637,0,501,648,0,-501,637,0,-501,648,0,500,-44,528,432,-44,528,432,52,528,500,-44,528,432,52,528,500,52,528,343,413,8,343,458,8,343,637,8,343,413,8,343,637,8,395,637,8,343,413,8,395,637,8,501,637,8,343,413,8,501,637,8,501,491,8,343,413,8,501,491,8,501,413,8,368.5357,189,8,343,384,8,343,413,8,368.5357,189,8,343,413,8,501,413,8,368.5357,189,8,501,413,8,501,267,8,368.5357,189,8,501,267,8,501,189,8,500,52,8,432,52,8,386.47617,52,8,500,52,8,386.47617,52,8,368.5357,189,8,500,52,8,368.5357,189,8,501,189,8,500,52,8,501,189,8,501,52,8,354,156,8,354,300,8,368.5357,189,8,354,156,8,368.5357,189,8,383.33334,76,8,354,156,8,383.33334,76,8,354,76,8,383.33334,76,8,412.66666,-148,8,354,-148,8,383.33334,76,8,354,-148,8,354,-68,8,383.33334,76,8,354,-68,8,354,76,8,412.66666,-148,8,415.80942,-172,8,430.19696,-281.8678,8,412.66666,-148,8,430.19696,-281.8678,8,419.24326,-292,8,412.66666,-148,8,419.24326,-292,8,354,-352.34998,8,412.66666,-148,8,354,-352.34998,8,354,-292,8,412.66666,-148,8,354,-292,8,354,-148,8,500,-44,8,500,52,8,501,52,8,500,-44,8,501,52,8,501,43,8,500,-44,8,501,43,8,501,-44,8,412.66666,-148,8,386.47617,52,8,432,52,8,412.66666,-148,8,432,52,8,432,-44,8,412.66666,-148,8,432,-44,8,432,-172,8,412.66666,-148,8,432,-172,8,415.80942,-172,8,432,-172,8,432,-268,8,432,-292,8,432,-172,8,432,-292,8,431.5238,-292,8,432,-172,8,431.5238,-292,8,430.19696,-281.8678,8,432,-172,8,430.19696,-281.8678,8,415.80942,-172,8,38,469,8,-186,469,8,-186,513,8,38,469,8,-186,513,8,-130,506.15558,8,38,469,8,-130,506.15558,8,38,485.6222,8,94,478.77777,8,174,469,8,38,469,8,94,478.77777,8,38,469,8,38,485.6222,8,-354,533.5333,8,-186,513,8,-186,469,8,-354,533.5333,8,-186,469,8,-276,458,8,-354,533.5333,8,-276,458,8,-354,458,8,-186,513,8,-354,533.5333,8,-354,637,8,-186,513,8,-354,637,8,-277,637,8,-186,513,8,-277,637,8,-130,637,8,-186,513,8,-130,637,8,-130,506.15558,8,-130,637,8,-53,637,8,94,637,8,-130,637,8,94,637,8,94,478.77777,8,-130,637,8,94,478.77777,8,38,485.6222,8,-130,637,8,38,485.6222,8,-130,506.15558,8,94,637,8,171,637,8,318,637,8,94,637,8,318,637,8,318,458,8,94,637,8,318,458,8,264,458,8,94,637,8,264,458,8,174,469,8,94,637,8,174,469,8,94,478.77777,8,318,637,8,343,637,8,343,458,8,318,637,8,343,458,8,318,458,8,-354,300,8,-343.47925,380.3402,8,-272.80447,447.39062,8,-354,300,8,-272.80447,447.39062,8,-186,458,8,-354,300,8,-186,458,8,-130,458,8,-354,300,8,-130,458,8,-130,234,8,-354,300,8,-130,234,8,-354,234,8,-130,234,8,-130,10,8,-354,10,8,-130,234,8,-354,10,8,-354,156,8,-130,234,8,-354,156,8,-354,234,8,-130,10,8,-130,-214,8,-354,-214,8,-130,10,8,-354,-214,8,-354,-68,8,-130,10,8,-354,-68,8,-354,10,8,-130,-214,8,-130,-450,8,-186,-450,8,-130,-214,8,-186,-450,8,-272.8045,-439.39056,8,-130,-214,8,-272.8045,-439.39056,8,-343.47928,-372.34015,8,-130,-214,8,-343.47928,-372.34015,8,-354,-292,8,-130,-214,8,-354,-292,8,-354,-214,8,-130,458,8,38,458,8,94,458,8,-130,458,8,94,458,8,94,234,8,-130,458,8,94,234,8,-130,234,8,94,234,8,94,10,8,-130,10,8,94,234,8,-130,10,8,-130,234,8,94,10,8,94,-214,8,-130,-214,8,94,10,8,-130,-214,8,-130,10,8,94,-214,8,94,-450,8,38,-450,8,94,-214,8,38,-450,8,-130,-450,8,94,-214,8,-130,-450,8,-130,-214,8,94,458,8,174,458,8,263.3162,447.08356,8,94,458,8,263.3162,447.08356,8,318,395.86078,8,94,458,8,318,395.86078,8,318,234,8,94,458,8,318,234,8,94,234,8,318,234,8,318,171.86078,8,318,10,8,318,234,8,318,10,8,94,10,8,318,234,8,94,10,8,94,234,8,318,10,8,318,-52.13922,8,318,-214,8,318,10,8,318,-214,8,94,-214,8,318,10,8,94,-214,8,94,10,8,318,-214,8,318,-276.13922,8,318,-385.65,8,318,-214,8,318,-385.65,8,259.76474,-439.5176,8,318,-214,8,259.76474,-439.5176,8,174,-450,8,318,-214,8,174,-450,8,94,-450,8,318,-214,8,94,-450,8,94,-214,8,318,234,8,318,395.86078,8,332.18707,382.57162,8,318,234,8,332.18707,382.57162,8,343,300,8,318,234,8,343,300,8,343,171.86078,8,318,234,8,343,171.86078,8,318,171.86078,8,343,171.86078,8,343,156,8,343,-52.13922,8,343,171.86078,8,343,-52.13922,8,318,-52.13922,8,343,171.86078,8,318,-52.13922,8,318,10,8,343,171.86078,8,318,10,8,318,171.86078,8,343,-52.13922,8,343,-68,8,343,-276.13922,8,343,-52.13922,8,343,-276.13922,8,318,-276.13922,8,343,-52.13922,8,318,-276.13922,8,318,-214,8,343,-52.13922,8,318,-214,8,318,-52.13922,8,343,-276.13922,8,343,-292,8,332.4917,-372.24518,8,343,-276.13922,8,332.4917,-372.24518,8,318,-385.65,8,343,-276.13922,8,318,-385.65,8,318,-276.13922,8,-276,458,8,-354,384,8,-354,413,8,-276,458,8,-354,413,8,-354,458,8,318,458,8,343,458,8,343,413,8,318,458,8,343,413,8,343,384,8,318,458,8,343,384,8,264,458,8,-366,413,8,-366,637,8,-354,637,8,-366,413,8,-354,637,8,-354,533.5333,8,-366,413,8,-354,533.5333,8,-354,458,8,-366,413,8,-354,458,8,-354,413,8,-354,384,8,-366,300,8,-366,413,8,-354,384,8,-366,413,8,-354,413,8,431.5238,-292,8,432,-292,8,432,-292.6329,8,431.5238,-292,8,432,-292.6329,8,431.6497,-292.96097,8,431.5238,-292,8,431.6497,-292.96097,8,354,-365.6962,8,431.5238,-292,8,354,-365.6962,8,354,-352.34998,8,431.5238,-292,8,354,-352.34998,8,419.24326,-292,8,354,-516.63293,8,354,-516,8,354,-365.6962,8,354,-516.63293,8,354,-365.6962,8,431.6497,-292.96097,8,354,-516.63293,8,431.6497,-292.96097,8,432,-292.6329,8,354,-516.63293,8,432,-292.6329,8,432,-492,8,354,-516.63293,8,432,-492,8,432,-516.63293,8,432,-629,8,395,-629,8,354,-629,8,432,-629,8,354,-629,8,354,-516.63293,8,432,-629,8,354,-516.63293,8,432,-516.63293,8,432,-268,8,432,-172,8,432,-44,8,432,-268,8,432,-44,8,500,-44,8,432,-268,8,500,-44,8,501,-44,8,432,-268,8,501,-44,8,501,-181,8,432,-268,8,501,-181,8,501,-268,8,432,-492,8,432,-292.6329,8,432,-292,8,432,-492,8,432,-292,8,432,-268,8,432,-492,8,432,-268,8,501,-268,8,432,-492,8,501,-268,8,501,-405,8,432,-492,8,501,-405,8,501,-492,8,432,-629,8,432,-516.63293,8,432,-492,8,432,-629,8,432,-492,8,501,-492,8,432,-629,8,501,-492,8,501,-629,8,430.19696,-281.8678,8,431.5238,-292,8,419.24326,-292,8,343,-516,8,343,-461,8,343,-450,8,343,-516,8,343,-450,8,343,-376,8,343,-516,8,343,-376,8,354,-292,8,343,-516,8,354,-292,8,354,-352.34998,8,343,-516,8,354,-352.34998,8,354,-365.6962,8,343,-516,8,354,-365.6962,8,354,-516,8,354,-516.63293,8,354,-629,8,343,-629,8,354,-516.63293,8,343,-629,8,343,-516,8,354,-516.63293,8,343,-516,8,354,-516,8,264,-450,8,343,-376,8,343,-450,8,-276,-450,8,-354,-450,8,-354,-376,8,264,-450,8,343,-450,8,343,-461,8,264,-450,8,343,-461,8,318,-461,8,264,-450,8,318,-461,8,174,-461,8,-354,-461,8,-354,-450,8,-276,-450,8,-354,-461,8,-276,-450,8,-186,-461,8,-130,-629,8,-277,-629,8,-354,-629,8,-130,-629,8,-354,-629,8,-354,-516,8,-130,-629,8,-354,-516,8,-354,-461,8,-130,-629,8,-354,-461,8,-186,-461,8,-130,-629,8,-186,-461,8,-130,-461,8,94,-629,8,-53,-629,8,-130,-629,8,94,-629,8,-130,-629,8,-130,-461,8,94,-629,8,-130,-461,8,38,-461,8,94,-629,8,38,-461,8,94,-461,8,318,-629,8,171,-629,8,94,-629,8,318,-629,8,94,-629,8,94,-461,8,318,-629,8,94,-461,8,174,-461,8,318,-629,8,174,-461,8,318,-461,8,343,-461,8,343,-516,8,343,-629,8,343,-461,8,343,-629,8,318,-629,8,343,-461,8,318,-629,8,318,-461,8,-354,-376,8,-354,-450,8,-354,-461,8,-354,-376,8,-354,-461,8,-354,-516,8,-354,-376,8,-354,-516,8,-366,-516,8,-354,-376,8,-366,-516,8,-366,-492,8,-354,-376,8,-366,-492,8,-366,-292,8,-354,-516,8,-354,-629,8,-366,-629,8,-354,-516,8,-366,-629,8,-366,-516,8,-186,-461,72,-276,-450,72,-186,-450,72,-186,-461,72,-186,-450,72,-52,-450,72,-186,-461,72,-52,-450,72,-52,-461,72,-52,-450,72,38,-450,72,172,-450,72,-52,-450,72,172,-450,72,172,-461,72,-52,-450,72,172,-461,72,38,-461,72,-52,-450,72,38,-461,72,-52,