{"map":"nitromidair1","version":2,"bounds":{"minX":-646.9884,"maxX":647.8674,"minY":-512,"maxY":370.08517},"locs":[{"name":"","z":80,"tris":[-272,-501.35226,-80,-272,-506.50958,-80,-274.57867,-503.93094,-80,-406.67578,-374.01102,-80,-430.392,-350.2948,-80,-588.784,-191.90294,-80,-406.67578,-374.01102,-80,-588.784,-191.90294,-80,-630.6758,-150.01118,-80,-406.67578,-374.01102,-80,-630.6758,-150.01118,-80,-627.7017,-150.80807,-80,-406.67578,-374.01102,-80,-627.7017,-150.80807,-80,-591.3626,-187.14716,-80,-406.67578,-374.01102,-80,-591.3626,-187.14716,-80,-432.97064,-345.53903,-80,-406.67578,-374.01102,-80,-432.97064,-345.53903,-80,-406.67578,-371.8339,-80,-274.57867,-503.93094,-80,-272,-506.50958,-80,-272,-508.68668,-80,-274.57867,-503.93094,-80,-272,-508.68668,-80,-406.67578,-374.01102,-80,-274.57867,-503.93094,-80,-406.67578,-374.01102,-80,-406.67578,-371.8339,-80,-469.49036,-128,-80,-497.47888,-100.0115,-80,-463.12195,28.210606,-80,-469.49036,-128,-80,-463.12195,28.210606,-80,-444.95786,96,-80,-469.49036,-128,-80,-444.95786,96,-80,-273.47888,96,-80,-469.49036,-128,-80,-273.47888,96,-80,-273.47888,-128,-80,-273.47888,-324.01138,-80,-371.88217,-225.60812,-80,-469.49036,-128,-80,-273.47888,-324.01138,-80,-469.49036,-128,-80,-273.47888,-128,-80,-273.47888,-128,-80,-273.47888,96,-80,-256.56857,96,-80,-273.47888,-128,-80,-256.56857,96,-80,-256,96,-80,-273.47888,-128,-80,-256,96,-80,-49.478874,96,-80,-273.47888,-128,-80,-49.478874,96,-80,-49.478874,-128,-80,-245.49023,-352,-80,-273.47888,-324.01138,-80,-273.47888,-128,-80,-245.49023,-352,-80,-273.47888,-128,-80,-49.478874,-128,-80,-245.49023,-352,-80,-49.478874,-128,-80,-49.478874,-352,-80,-49.478874,-384,-80,-154.648,-384,-80,-213.4902,-384,-80,-49.478874,-384,-80,-213.4902,-384,-80,-245.49023,-352,-80,-49.478874,-384,-80,-245.49023,-352,-80,-49.478874,-352,-80,-49.478874,-128,-80,-49.478874,96,-80,-32,96,-80,-49.478874,-128,-80,-32,96,-80,174.52113,96,-80,-49.478874,-128,-80,174.52113,96,-80,174.52113,-128,-80,-49.478874,-352,-80,-49.478874,-128,-80,174.52113,-128,-80,-49.478874,-352,-80,174.52113,-128,-80,174.52113,-352,-80,174.52113,-384,-80,69.352005,-384,-80,-49.478874,-384,-80,174.52113,-384,-80,-49.478874,-384,-80,-49.478874,-352,-80,174.52113,-384,-80,-49.478874,-352,-80,174.52113,-352,-80,192,96,-80,256,96,-80,256,-127.53711,-80,192,96,-80,256,-127.53711,-80,256,-128,-80,192,96,-80,256,-128,-80,174.52113,-128,-80,192,96,-80,174.52113,-128,-80,174.52113,96,-80,256,-128,-80,256,-317.4903,-80,221.49031,-352,-80,256,-128,-80,221.49031,-352,-80,174.52113,-352,-80,256,-128,-80,174.52113,-352,-80,174.52113,-128,-80,221.49031,-352,-80,189.49031,-384,-80,174.52113,-384,-80,221.49031,-352,-80,174.52113,-384,-80,174.52113,-352,-80,-256,96,-80,-256.56857,96,-80,-256.84744,96.27886,-80,-256,96,-80,-256.84744,96.27886,-80,-256,97.43355,-80,-273.47888,96,-80,-444.95786,96,-80,-405.14658,244.57805,-80,-273.47888,96,-80,-405.14658,244.57805,-80,-256.84744,96.27886,-80,-273.47888,96,-80,-256.84744,96.27886,-80,-256.56857,96,-80,310.24377,21.859858,-80,256.43423,95.86569,-80,406.4284,245.85986,-80,310.24377,21.859858,-80,406.4284,245.85986,-80,435.7136,136.56613,-80,310.24377,21.859858,-80,435.7136,136.56613,-80,466.44907,21.859858,-80,493.6891,-79.80123,-80,430.27194,-143.21838,-80,418.8701,-127.53711,-80,493.6891,-79.80123,-80,418.8701,-127.53711,-80,310.24377,21.859858,-80,493.6891,-79.80123,-80,310.24377,21.859858,-80,466.44907,21.859858,-80,256,-127.53711,-80,256,96,-80,256,96.46289,-80,256,-127.53711,-80,256,96.46289,-80,256.43423,95.86569,-80,256,-127.53711,-80,256.43423,95.86569,-80,310.24377,21.859858,-80,256,-127.53711,-80,310.24377,21.859858,-80,418.8701,-127.53711,-80,430.27194,-143.21838,-80,344.01627,-229.47406,-80,256,-317.4903,-80,430.27194,-143.21838,-80,256,-317.4903,-80,256,-128,-80,430.27194,-143.21838,-80,256,-128,-80,256,-127.53711,-80,430.27194,-143.21838,-80,256,-127.53711,-80,418.8701,-127.53711,-80,643.6071,-121.07911,80,642.82745,-118.1693,80,647.8674,-116.81885,80,-333.968,334.5365,800,-239.43147,240,800,-189.34566,189.9142,800,-333.968,334.5365,800,-189.34566,189.9142,800,-255.84438,96,800,-333.968,334.5365,800,-255.84438,96,800,-256.1446,95.57601,800,-333.968,334.5365,800,-256.1446,95.57601,800,-256.56857,96,800,-333.968,334.5365,800,-256.56857,96,800,-414.5365,253.96797,800,-414.96045,254.39194,800,-515.94196,355.3735,800,-512.5587,368,800,-414.96045,254.39194,800,-512.5587,368,800,-512,368,800,-414.96045,254.39194,800,-512,368,800,-367.4315,368,800,-414.96045,254.39194,800,-367.4315,368,800,-333.968,334.5365,800,-414.96045,254.39194,800,-333.968,334.5365,800,-414.5365,253.96797,800,-512,368,800,-512.5587,368,800,-512,370.08517,800,414.82605,254.2575,800,406.4284,245.85986,800,256.43414,95.86562,800,414.82605,254.2575,800,256.43414,95.86562,800,256,96.46273,800,414.82605,254.2575,800,256,96.46273,800,192.15562,184.26978,800,414.82605,254.2575,800,192.15562,184.26978,800,188.59636,189.16492,800,414.82605,254.2575,800,188.59636,189.16492,800,239.43146,240,800,414.82605,254.2575,800,239.43146,240,800,304.5685,305.13702,800,414.82605,254.2575,800,304.5685,305.13702,800,334.25754,334.82605,800,367.43152,368,800,384,368,800,512,368,800,367.43152,368,800,512,368,800,512.5587,368,800,367.43152,368,800,512.5587,368,800,515.94196,355.3734,800,367.43152,368,800,515.94196,355.3734,800,414.82605,254.2575,800,367.43152,368,800,414.82605,254.2575,800,334.25754,334.82605,800,-239.43147,240,800,-153.88092,240,800,-189.34566,189.9142,800,151.63425,240,800,239.43146,240,800,188.59636,189.16492,800,-143.4315,240,800,-153.88092,240,800,-239.43147,240,800,-143.4315,240,800,-239.43147,240,800,-333.968,334.5365,800,-143.4315,240,800,-333.968,334.5365,800,-367.4315,368,800,-143.4315,240,800,-367.4315,368,800,-288,368,800,-143.4315,240,800,-288,368,800,-143.4315,368,800,80.5685,240,800,-31.844381,240,800,-143.4315,240,800,80.5685,240,800,-143.4315,240,800,-143.4315,368,800,80.5685,240,800,-143.4315,368,800,-64,368,800,80.5685,240,800,-64,368,800,80.5685,368,800,304.5685,305.13702,800,239.43146,240,800,151.63425,240,800,304.5685,305.13702,800,151.63425,240,800,80.5685,240,800,304.5685,305.13702,800,80.5685,240,800,80.5685,368,800,304.5685,305.13702,800,80.5685,368,800,160,368,800,304.5685,305.13702,800,160,368,800,304.5685,368,800,367.43152,368,800,334.25754,334.82605,800,304.5685,305.13702,800,367.43152,368,800,304.5685,305.13702,800,304.5685,368,800,-31.844381,96,800,-255.84438,96,800,-189.34566,189.9142,800,-31.844381,96,800,-189.34566,189.9142,800,-153.88092,240,800,-31.844381,96,800,-153.88092,240,800,-143.4315,240,800,-31.844381,96,800,-143.4315,240,800,-31.844381,240,800,192.15562,96,800,-31.844381,96,800,-31.844381,240,800,192.15562,96,800,-31.844381,240,800,80.5685,240,800,192.15562,96,800,80.5685,240,800,151.63425,240,800,192.15562,96,800,151.63425,240,800,188.59636,189.16492,800,192.15562,96,800,188.59636,189.16492,800,192.15562,184.26978,800,256,96.46273,800,256,96,800,192.15562,96,800,256,96.46273,800,192.15562,96,800,192.15562,184.26978,800,512,370.08508,800,512.5587,368,800,512,368,800,444.3615,104.29162,80,435.7136,136.56613,80,406.4284,245.85986,80,444.3615,104.29162,80,406.4284,245.85986,80,515.94196,355.3734,80,444.3615,104.29162,80,515.94196,355.3734,80,573.9175,139.00606,80,502.337,-112.07576,80,493.6891,-79.80123,80,444.3615,104.29162,80,502.337,-112.07576,80,444.3615,104.29162,80,573.9175,139.00606,80,502.337,-112.07576,80,573.9175,139.00606,80,631.89294,-77.361305,80,642.82745,-118.1693,80,643.6071,-121.07911,80,639.8149,-124.87133,80,642.82745,-118.1693,80,639.8149,-124.87133,80,514.7452,-158.38364,80,642.82745,-118.1693,80,514.7452,-158.38364,80,506.0141,-125.79884,80,642.82745,-118.1693,80,506.0141,-125.79884,80,502.337,-112.07576,80,642.82745,-118.1693,80,502.337,-112.07576,80,631.89294,-77.361305,80,639.8149,-124.87133,80,534.09357,-230.59282,80,514.7452,-158.38364,80,414.05902,-350.6276,80,331.08383,-433.6029,80,255.66725,-509.0196,80,414.05902,-350.6276,80,255.66725,-509.0196,80,