{"map":"outpost","version":2,"bounds":{"minX":-448,"maxX":448,"minY":-448,"maxY":448},"locs":[{"name":"","z":0,"tris":[-448,351,544,-448,384,544,-431.50003,400.49994,544,448,384,544,431.49994,400.50003,544,400.49988,431.5001,544,448,384,544,400.49988,431.5001,544,384,448,544,448,384,544,384,448,544,448,448,544,400.49988,431.5001,544,351,448,544,384,448,544,400.50006,-431.49994,544,431.5001,-400.49985,544,448,-384,544,400.50006,-431.49994,544,448,-384,544,448,-415.66663,544,-431.50003,-400.49994,544,-400.49988,-431.5001,544,-384,-448,544,-431.50003,-400.49994,544,-384,-448,544,-448,-448,544,-431.50003,-400.49994,544,-448,-448,544,-448,-384,544,-400.49988,-431.5001,544,-351,-448,544,-384,-448,544,-448,-384,544,-448,-351,544,-431.50003,-400.49994,544,431.5001,-400.49985,544,448,-351,544,448,-384,544,448,-448,544,351,-448,544,400.50006,-431.49994,544,448,-448,544,400.50006,-431.49994,544,448,-415.66663,544,448,351,544,431.49994,400.50003,544,448,384,544,-384,448,544,-351,448,544,-400.49994,431.50003,544,-400.49994,431.50003,544,-431.50003,400.49994,544,-448,384,544,-400.49994,431.50003,544,-448,384,544,-448,448,544,-400.49994,431.50003,544,-448,448,544,-384,448,544,-284.40085,-304.20224,-16,-256,-316.3652,-16,-256,-320,-16,-284.40085,-304.20224,-16,-256,-320,-16,-290.3419,-320,-16,-304.20224,-284.40085,-16,-320,-290.3419,-16,-320,-256,-16,-304.20224,-284.40085,-16,-320,-256,-16,-316.3652,-256,-16,-284.23593,-303.76376,-16,-284.40085,-304.20224,-16,-290.3419,-320,-16,-284.23593,-303.76376,-16,-290.3419,-320,-16,-320,-320,-16,-284.23593,-303.76376,-16,-320,-320,-16,-320,-290.3419,-16,-284.23593,-303.76376,-16,-320,-290.3419,-16,-304.20224,-284.40085,-16,-284.23593,-303.76376,-16,-304.20224,-284.40085,-16,-303.76367,-284.23602,-16,-224,-320,-16,-256,-320,-16,-256,-316.3652,-16,-224,-320,-16,-256,-316.3652,-16,-256,-316,-16,-320,-224,-16,-316,-256,-16,-316.3652,-256,-16,-320,-224,-16,-316.3652,-256,-16,-320,-256,-16,-448,-224,-16,-448,-127,-16,-448,0,-16,-448,-224,-16,-448,0,-16,-448,97,-16,-448,-224,-16,-448,97,-16,-448,224,-16,-448,-224,-16,-448,224,-16,-448,320,-16,-448,-224,-16,-448,320,-16,-320,320,-16,-448,-224,-16,-320,320,-16,-320,290.3419,-16,-448,-224,-16,-320,290.3419,-16,-320,256,-16,-448,-224,-16,-320,256,-16,-320,224,-16,-448,-224,-16,-320,224,-16,-320,0,-16,-448,-224,-16,-320,0,-16,-320,-224,-16,-448,-224,-16,-320,-224,-16,-320,-256,-16,-448,-224,-16,-320,-256,-16,-320,-290.3419,-16,-448,-224,-16,-320,-290.3419,-16,-320,-320,-16,-448,-224,-16,-320,-320,-16,-448,-320,-16,-320,224,-16,-320,256,-16,-316.36505,256,-16,-320,224,-16,-316.36505,256,-16,-316,256,-16,-256,320,-16,-256,316.3652,-16,-283.346,304.654,-16,-256,320,-16,-283.346,304.654,-16,-284.40085,304.20224,-16,-256,320,-16,-284.40085,304.20224,-16,-290.3419,320,-16,-303.76407,284.23605,-16,-304.20206,284.40088,-16,-320,290.3419,-16,-303.76407,284.23605,-16,-320,290.3419,-16,-320,320,-16,-303.76407,284.23605,-16,-320,320,-16,-290.3419,320,-16,-303.76407,284.23605,-16,-290.3419,320,-16,-284.40085,304.20224,-16,-303.76407,284.23605,-16,-284.40085,304.20224,-16,-284.23602,303.76398,-16,-315.84952,257.2038,-16,-316.36505,256,-16,-320,256,-16,-315.84952,257.2038,-16,-320,256,-16,-320,290.3419,-16,-315.84952,257.2038,-16,-320,290.3419,-16,-304.20206,284.40088,-16,-256,316.3652,-16,-256,320,-16,-224,320,-16,-256,316.3652,-16,-224,320,-16,-256,316,-16,-320,-320,-16,-290.3419,-320,-16,-256,-320,-16,-320,-320,-16,-256,-320,-16,-224,-320,-16,-320,-320,-16,-224,-320,-16,0,-320,-16,-320,-320,-16,0,-320,-16,224,-320,-16,-320,-320,-16,224,-320,-16,256,-320,-16,-320,-320,-16,256,-320,-16,320,-320,-16,-320,-320,-16,320,-320,-16,448,-320,-16,-320,-320,-16,448,-320,-16,448,-351,-16,-320,-320,-16,448,-351,-16,431.50006,-400.49994,-16,-320,-320,-16,431.50006,-400.49994,-16,400.49997,-431.49997,-16,-320,-320,-16,400.49997,-431.49997,-16,351,-448,-16,-320,-320,-16,351,-448,-16,321,-448,-16,-320,-320,-16,321,-448,-16,224,-448,-16,-320,-320,-16,224,-448,-16,97,-448,-16,-320,-320,-16,97,-448,-16,0,-448,-16,-320,-320,-16,0,-448,-16,-127,-448,-16,-320,-320,-16,-127,-448,-16,-224,-448,-16,-320,-320,-16,-224,-448,-16,-351,-448,-16,-320,-320,-16,-351,-448,-16,-400.49994,-431.50006,-16,-320,-320,-16,-400.49994,-431.50006,-16,-431.50006,-400.49994,-16,-320,-320,-16,-431.50006,-400.49994,-16,-448,-351,-16,-320,-320,-16,-448,-351,-16,-448,-320,-16,256,-316.3652,-16,256,-320,-16,224,-320,-16,256,-316.3652,-16,224,-320,-16,256,-316,-16,298.26483,-298.26483,-16,284.40097,-304.20218,-16,284.23602,-303.76398,-16,298.26483,-298.26483,-16,284.23602,-303.76398,-16,303.7641,-284.2359,-16,298.26483,-298.26483,-16,303.7641,-284.2359,-16,304.20224,-284.40085,-16,298.26483,-298.26483,-16,304.20224,-284.40085,-16,316.3652,-256,-16,298.26483,-298.26483,-16,316.3652,-256,-16,320,-256,-16,298.26483,-298.26483,-16,320,-256,-16,320,-288.9565,-16,284.40097,-304.20218,-16,298.26483,-298.26483,-16,320,-288.9565,-16,284.40097,-304.20218,-16,320,-288.9565,-16,320,-320,-16,284.40097,-304.20218,-16,320,-320,-16,256,-320,-16,284.40097,-304.20218,-16,256,-320,-16,256,-316.3652,-16,316.3652,-256,-16,316,-256,-16,320,-224,-16,316.3652,-256,-16,320,-224,-16,320,-256,-16,224,320,-16,256,320,-16,256,316.3652,-16,224,320,-16,256,316.3652,-16,256,316,-16,316.3652,256,-16,320,256,-16,320,224,-16,316.3652,256,-16,320,224,-16,316,256,-16,304.20218,284.40097,-16,289.69415,318.27762,-16,290.3419,320,-16,304.20218,284.40097,-16,290.3419,320,-16,320,320,-16,304.20218,284.40097,-16,320,320,-16,320,256,-16,304.20218,284.40097,-16,320,256,-16,316.3652,256,-16,290.3419,320,-16,289.69415,318.27762,-16,284.40085,304.20224,-16,290.3419,320,-16,284.40085,304.20224,-16,256,316.3652,-16,290.3419,320,-16,256,316.3652,-16,256,320,-16,304.20218,284.40097,-16,303.76398,284.23602,-16,284.2359,303.7641,-16,304.20218,284.40097,-16,284.2359,303.7641,-16,284.40085,304.20224,-16,304.20218,284.40097,-16,284.40085,304.20224,-16,289.69415,318.27762,-16,320,-288.9565,-16,320,-256,-16,320,-224,-16,320,-288.9565,-16,320,-224,-16,320,0,-16,320,-288.9565,-16,320,0,-16,320,224,-16,320,-288.9565,-16,320,224,-16,320,256,-16,320,-288.9565,-16,320,256,-16,320,320,-16,320,-288.9565,-16,320,320,-16,448,320,-16,320,-288.9565,-16,448,320,-16,448,224,-16,320,-288.9565,-16,448,224,-16,448,97,-16,320,-288.9565,-16,448,97,-16,448,0,-16,320,-288.9565,-16,448,0,-16,448,-127,-16,320,-288.9565,-16,448,-127,-16,448,-224,-16,320,-288.9565,-16,448,-224,-16,448,-320,-16,320,-288.9565,-16,448,-320,-16,320,-320,-16,-224,448,-16,-127,448,-16,0,448,-16,-224,448,-16,0,448,-16,97,448,-16,-224,448,-16,97,448,-16,224,448,-16,-224,448,-16,224,448,-16,321,448,-16,-224,448,-16,321,448,-16,351,448,-16,-224,448,-16,351,448,-16,400.49994,431.50006,-16,-224,448,-16,400.49994,431.50006,-16,431.49994,400.50006,-16,-224,448,-16,431.49994,400.50006,-16,448,351,-16,-224,448,-16,448,351,-16,448,321,-16,-224,448,-16,448,321,-16,448,320,-16,-224,448,-16,448,320,-16,320,320,-16,-224,448,-16,320,320,-16,290.3419,320,-16,-224,448,-16,290.3419,320,-16,256,320,-16,-224,448,-16,256,320,-16,224,320,-16,-224,448,-16,224,320,-16,0,320,-16,-224,448,-16,0,320,-16,-224,320,-16,-224,448,-16,-224,320,-16,-256,320,-16,-224,448,-16,-256,320,-16,-290.3419,320,-16,-224,448,-16,-290.3419,320,-16,-320,320,-16,-224,448,-16,-320,320,-16,-448,320,-16,-224,448,-16,-448,320,-16,-448,321,-16,-224,448,-16,-448,321,-16,-448,351,-16,-224,448,-16,-448,351,-16,-431.50006,400.49994,-16,-224,448,-16,-431.50006,400.49994,-16,-400.49994,431.50006,-16,-224,448,-16,-400.49994,431.50006,-16,-351,448,-16,-284.23593,-303.76376,0,-303.76367,-284.23602,0,-272.4658,-272.46588,0,-316,-256,0,-256,-256,0,-272.4658,-272.46588,0,-316,-256,0,-272.4658,-272.46588,0,-303.76367,-284.23602,0,-316,-256,0,-303.76367,-284.23602,0,-304.20224,-284.40085,0,-316,-256,0,-304.20224,-284.40085,0,-316.3652,-256,0,-256,-256,0,-316,-256,0,-320,-224,0,-256,-256,0,-320,-224,0,-256,-224,0,-256,-316,0,-256,-316.36505,0,-284.40088,-304.20206,0,-256,-316,0,-284.40088,-304.20206,0,-284.23593,-303.76376,