{"map":"pushdm2","version":2,"bounds":{"minX":-8,"maxX":1512,"minY":-232,"maxY":744},"locs":[{"name":"","z":128,"tris":[1152,224,384,1024,224,384,1024,384,384,1152,224,384,1024,384,384,1152,384,384,1408,512,544,1248,512,544,1248,736,544,1408,512,544,1248,736,544,1408,736,544,1504,744,904,1512,744,904,1512,512,904,1504,744,904,1512,512,904,1504,512,904,1280,744,904,1504,744,904,1504,512,904,1280,744,904,1504,512,904,1280,512,904,1056,512,904,1056,744,904,1280,744,904,1056,512,904,1280,744,904,1280,512,904,1512,288,904,1512,144,904,1504,144,904,1512,288,904,1504,144,904,1504,288,904,1504,512,904,1512,512,904,1512,288,904,1504,512,904,1512,288,904,1504,288,904,1440,159,880,1422.4736,144,880,1385.6105,144,880,1440,159,880,1385.6105,144,880,1423,176,880,1504,288,904,1504,144,904,1280,144,904,1504,288,904,1280,144,904,1280,288,904,1280,512,904,1504,512,904,1504,288,904,1280,512,904,1504,288,904,1280,288,904,1056,144,904,1056,288,904,1280,288,904,1056,144,904,1280,288,904,1280,144,904,1056,288,904,1056,512,904,1280,512,904,1056,288,904,1280,512,904,1280,288,904,1512,-8,904,1504,-8,904,1504,144,904,1512,-8,904,1504,144,904,1512,144,904,1422.4736,144,880,1344,76.83784,880,1344,108.38739,880,1422.4736,144,880,1344,108.38739,880,1385.6105,144,880,1344,0,904,1344,144,904,1504,144,904,1344,0,904,1504,144,904,1504,0,904,1344,108.38739,800,1344,144,800,1385.6105,144,800,1344,0,800,1344,76.83784,800,1422.4736,144,800,1344,0,800,1422.4736,144,800,1504,144,800,1344,0,800,1504,144,800,1504,0,800,1344,-16,800,1344,-8,800,1504,-8,800,1344,-16,800,1504,-8,800,1504,-16,800,1504,-8,904,1344,-8,904,1344,0,904,1504,-8,904,1344,0,904,1504,0,904,1344,76.83784,880,1329,64,880,1312,81,880,1344,76.83784,880,1312,81,880,1344,108.38739,880,1280,144,904,1344,144,904,1344,0,904,1280,144,904,1344,0,904,1280,0,904,1056,0,904,1056,144,904,1280,144,904,1056,0,904,1280,144,904,1280,0,904,1344,-8,904,1280,-8,904,1280,0,904,1344,-8,904,1280,0,904,1344,0,904,1280,-8,904,1056,-8,904,1056,0,904,1280,-8,904,1056,0,904,1280,0,904,1056,576,736,960,576,736,960,704,736,1056,576,736,960,704,736,1056,704,736,960,576,736,736,576,736,736,704,736,960,576,736,736,704,736,960,704,736,960,744,904,1056,744,904,1056,576,904,960,744,904,1056,576,904,960,576,904,736,576,904,736,744,904,960,744,904,736,576,904,960,744,904,960,576,904,1056,352,904,1056,320,904,960,320,904,1056,352,904,960,320,904,960,352,904,960,576,904,1056,576,904,1056,352,904,960,576,904,1056,352,904,960,352,904,736,320,904,736,352,904,960,352,904,736,320,904,960,352,904,960,320,904,736,352,904,736,576,904,960,576,904,736,352,904,960,576,904,960,352,904,832,192,512,736,192,512,736,320,512,832,192,512,736,320,512,832,320,512,1056,-8,904,960,-8,904,960,96,904,1056,-8,904,960,96,904,1056,96,904,960,96,904,960,320,904,1056,320,904,960,96,904,1056,320,904,1056,96,904,960,-8,904,736,-8,904,736,96,904,960,-8,904,736,96,904,960,96,904,736,96,904,736,320,904,960,320,904,736,96,904,960,320,904,960,96,904,1376,512,128,1376,448,128,1344,448,128,1376,512,128,1344,448,128,1344,512,128,1344,736,128,1376,736,128,1376,512,128,1344,736,128,1376,512,128,1344,512,128,1504,512,128,1504,448,128,1376,448,128,1504,512,128,1376,448,128,1376,512,128,1376,736,128,1504,736,128,1504,512,128,1376,736,128,1504,512,128,1376,512,128,1344,512,128,1344,448,128,1152,448,128,1344,512,128,1152,448,128,1152,512,128,1152,736,128,1344,736,128,1344,512,128,1152,736,128,1344,512,128,1152,512,128,1504,448,128,1504,224,128,1376,224,128,1504,448,128,1376,224,128,1376,448,128,1376,448,128,1376,224,128,1344,224,128,1376,448,128,1344,224,128,1344,448,128,1344,416,320,1152,416,320,1152,448,320,1344,416,320,1152,448,320,1344,448,320,1152,416,128,1344,416,128,1344,224,128,1152,416,128,1344,224,128,1152,224,128,1152,512,128,1152,448,128,992,448,128,1152,512,128,992,448,128,992,512,128,992,736,128,1152,736,128,1152,512,128,992,736,128,1152,512,128,992,512,128,768,448,128,768,512,128,992,512,128,768,448,128,992,512,128,992,448,128,768,512,128,768,736,128,992,736,128,768,512,128,992,736,128,992,512,128,768,512,128,768,448,128,736,448,128,768,512,128,736,448,128,736,512,128,768,736,128,768,512,128,736,512,128,768,736,128,736,512,128,736,736,128,1152,416,320,1024,416,320,1024,448,320,1152,416,320,1024,448,320,1152,448,320,1024,416,128,1152,416,128,1152,224,128,1024,416,128,1152,224,128,1024,224,128,1024,416,320,992,416,320,992,448,320,1024,416,320,992,448,320,1024,448,320,992,416,320,768,416,320,768,448,320,992,416,320,768,448,320,992,448,320,832,224,128,832,416,128,1024,416,128,832,224,128,1024,416,128,1024,224,128,768,224,128,768,416,128,832,416,128,768,224,128,832,416,128,832,224,128,768,448,128,768,224,128,736,224,128,768,448,128,736,224,128,736,448,128,1504,224,128,1504,0,128,1376,0,128,1504,224,128,1376,0,128,1376,224,128,1376,160,128,1376,0,128,1320,0,128,1376,160,128,1320,0,128,1320,160,128,1320,0,128,1096,0,128,1096,160,128,1320,0,128,1096,160,128,1320,160,128,1376,224,128,1376,192,128,1344,192,128,1376,224,128,1344,192,128,1344,224,128,1344,224,128,1344,192,128,1320,192,128,1344,224,128,1320,192,128,1320,224,128,1320,192,128,1096,192,128,1096,224,128,1320,192,128,1096,224,128,1320,224,128,1376,160,320,1320,160,320,1320,192,320,1376,160,320,1320,192,320,1376,192,320,1320,160,320,1096,160,320,1096,192,320,1320,160,320,1096,192,320,1320,192,320,1168,-224,-64,1096,-224,-64,1096,-152,-64,1168,-224,-64,1096,-152,-64,1168,-152,-64,1176,-224,72,1168,-224,72,1168,-152,72,1176,-224,72,1168,-152,72,1176,-152,72,1096,-144,72,1176,-144,72,1176,-152,72,1096,-144,72,1176,-152,72,1096,-152,72,1096,-224,72,1176,-224,72,1176,-232,72,1096,-224,72,1176,-232,72,1096,-232,72,1168,-224,-96,1096,-224,-96,1096,-152,-96,1168,-224,-96,1096,-152,-96,1168,-152,-96,832,80,128,832,0,128,816,0,128,832,80,128,816,0,128,816,80,128,832,-8,128,832,-24,128,736,-24,128,832,-8,128,736,-24,128,736,-8,128,832,0,128,832,224,128,1024,224,128,832,0,128,1024,224,128,1024,0,128,1096,0,128,1024,0,128,1024,160,128,1096,0,128,1024,160,128,1096,160,128,800,0,128,800,56,128,816,56,128,800,0,128,816,56,128,816,0,128,1096,192,128,1024,192,128,1024,224,128,1096,192,128,1024,224,128,1096,224,128,768,224,128,768,80,128,736,80,128,768,224,128,736,80,128,736,224,128,768,80,128,768,224,128,832,224,128,768,80,128,832,224,128,832,80,128,816,56,128,736,56,128,736,80,128,816,56,128,736,80,128,816,80,128,1096,160,320,1024,160,320,1024,192,320,1096,160,320,1024,192,320,1096,192,320,800,0,72,816,0,72,816,-8,72,800,0,72,816,-8,72,800,-8,72,800,0,-32,816,0,-32,816,-8,-32,800,0,-32,816,-8,-32,800,-8,-32,816,56,-32,816,0,-32,800,0,-32,816,56,-32,800,0,-32,800,56,-32,736,0,72,800,0,72,800,-8,72,736,0,72,800,-8,72,736,-8,72,736,0,-32,800,0,-32,800,-8,-32,736,0,-32,800,-8,-32,736,-8,-32,800,0,-32,736,0,-32,736,56,-32,800,0,-32,736,56,-32,800,56,-32,1064,-152,72,1064,-144,72,1096,-144,72,1064,-152,72,1096,-144,72,1096,-152,72,1064,-232,72,1064,-224,72,1096,-224,72,1064,-232,72,1096,-224,72,1096,-232,72,1064,-224,72,936,-224,72,936,-152,72,1064,-224,72,936,-152,72,1064,-152,72,1096,-224,-40,1064,-224,-40,1064,-152,-40,1096,-224,-40,1064,-152,-40,1096,-152,-40,976,-216,-40,976,-160,-40,984,-160,-40,976,-216,-40,984,-160,-40,984,-216,-40,1024,-208,-40,1064,-208,-40,1064,-216,-40,1024,-208,-40,1064,-216,-40,1024,-216,-40,1064,-200,-40,1024,-200,-40,1024,-192,-40,1064,-200,-40,1024,-192,-40,1064,-192,-40,1064,-184,-40,1024,-184,-40,1024,-176,-40,1064,-184,-40,1024,-176,-40,1064,-176,-40,1064,-168,-40,1024,-168,-40,1024,-160,-40,1064,-168,-40,1024,-160,-40,1064,-160,-40,1016,-168,-40,984,-168,-40,984,-160,-40,1016,-168,-40,984,-160,-40,1016,-160,-40,976,-168,-40,944,-168,-40,944,-160,-40,976,-168,-40,944,-160,-40,976,-160,-40,1016,-184,-40,984,-184,-40,984,-176,-40,1016,-184,-40,984,-176,-40,1016,-176,-40,976,-184,-40,944,-184,-40,944,-176,-40,976,-184,-40,944,-176,-40,976,-176,-40,1016,-200,-40,984,-200,-40,984,-192,-40,1016,-200,-40,984,-192,-40,1016,-192,-40,976,-200,-40,944,-200,-40,944,-192,-40,976,-200,-40,944,-192,-40,976,-192,-40,984,-208,-40,1016,-208,-40,