{"map":"speed2","version":2,"bounds":{"minX":-1536,"maxX":1528,"minY":-1536,"maxY":1520},"locs":[{"name":"","z":0,"tris":[1520,80,128,1520,112,128,1528,112,128,1520,80,128,1528,112,128,1528,25.599983,128,1520,80,128,1528,25.599983,128,1528,-112,128,1520,80,128,1528,-112,128,1520,-112,128,1528,-112,128,1528,-176,128,1520,-176,128,1528,-112,128,1520,-176,128,1520,-144,128,1528,-112,128,1520,-144,128,1520,-112,128,-1536,-576,0,-1536,-384,0,-1312,-384,0,-1536,-576,0,-1312,-384,0,-1312,-608,0,-1536,-576,0,-1312,-608,0,-1504,-608,0,-1312,-608,0,-1312,-800,0,-1472,-640,0,-1312,-608,0,-1472,-640,0,-1504,-608,0,-1312,-384,0,-1232,-384,0,-1200,-384,0,-1312,-384,0,-1200,-384,0,-1088,-384,0,-1312,-384,0,-1088,-384,0,-1088,-608,0,-1312,-384,0,-1088,-608,0,-1312,-608,0,-1088,-608,0,-1088,-832,0,-1280,-832,0,-1088,-608,0,-1280,-832,0,-1312,-800,0,-1088,-608,0,-1312,-800,0,-1312,-608,0,-1088,-832,0,-1088,-1024,0,-1248,-864,0,-1088,-832,0,-1248,-864,0,-1280,-832,0,-1088,-384,0,-976,-384,0,-896,-384,0,-1088,-384,0,-896,-384,0,-870,-384,0,-1088,-384,0,-870,-384,0,-864,-390,0,-1088,-384,0,-864,-390,0,-864,-608,0,-1088,-384,0,-864,-608,0,-1088,-608,0,-864,-608,0,-864,-614,0,-864,-832,0,-864,-608,0,-864,-832,0,-1088,-832,0,-864,-608,0,-1088,-832,0,-1088,-608,0,-864,-832,0,-864,-838,0,-864,-1056,0,-864,-832,0,-864,-1056,0,-1056,-1056,0,-864,-832,0,-1056,-1056,0,-1088,-1024,0,-864,-832,0,-1088,-1024,0,-1088,-832,0,-864,-1056,0,-864,-1062,0,-864,-1248,0,-864,-1056,0,-864,-1248,0,-1024,-1088,0,-864,-1056,0,-1024,-1088,0,-1056,-1056,0,-864,-608,0,-864,-390,0,-806,-448,0,-864,-608,0,-806,-448,0,-640,-614,0,-864,-608,0,-640,-614,0,-864,-614,0,-640,-614,0,-640,-838,0,-864,-838,0,-640,-614,0,-864,-838,0,-864,-832,0,-640,-614,0,-864,-832,0,-864,-614,0,-640,-838,0,-640,-1062,0,-864,-1062,0,-640,-838,0,-864,-1062,0,-864,-1056,0,-640,-838,0,-864,-1056,0,-864,-838,0,-640,-1062,0,-640,-1286,0,-826,-1286,0,-640,-1062,0,-826,-1286,0,-864,-1248,0,-640,-1062,0,-864,-1248,0,-864,-1062,0,-640,-1286,0,-640,-1472,0,-800,-1312,0,-640,-1286,0,-800,-1312,0,-826,-1286,0,-640,-614,0,-582,-672,0,-416,-838,0,-640,-614,0,-416,-838,0,-640,-838,0,-416,-838,0,-416,-1062,0,-640,-1062,0,-416,-838,0,-640,-1062,0,-640,-838,0,-416,-1062,0,-416,-1286,0,-640,-1286,0,-416,-1062,0,-640,-1286,0,-640,-1062,0,-416,-1286,0,-416,-1510,0,-602,-1510,0,-416,-1286,0,-602,-1510,0,-640,-1472,0,-416,-1286,0,-640,-1472,0,-640,-1286,0,-416,-1510,0,-416,-1536,0,-576,-1536,0,-416,-1510,0,-576,-1536,0,-602,-1510,0,-416,-838,0,-384,-870,0,-384,-896,0,-416,-838,0,-384,-896,0,-384,-1062,0,-416,-838,0,-384,-1062,0,-416,-1062,0,-384,-1062,0,-384,-1120,0,-384,-1200,0,-384,-1062,0,-384,-1200,0,-384,-1232,0,-384,-1062,0,-384,-1232,0,-384,-1286,0,-384,-1062,0,-384,-1286,0,-416,-1286,0,-384,-1062,0,-416,-1286,0,-416,-1062,0,-384,-1286,0,-384,-1456,0,-384,-1510,0,-384,-1286,0,-384,-1510,0,-416,-1510,0,-384,-1286,0,-416,-1510,0,-416,-1286,0,-384,-1510,0,-384,-1536,0,-416,-1536,0,-384,-1510,0,-416,-1536,0,-416,-1510,0,-896,-384,0,-896,-358,0,-870,-384,0,-358,-896,0,-384,-896,0,-384,-870,0,608,-1232,0,512,-1232,0,384,-1232,0,608,-1232,0,384,-1232,0,384,-1200,0,608,-1232,0,384,-1200,0,512,-1200,0,608,-1232,0,512,-1200,0,608,-1200,0,832,-1232,0,736,-1232,0,608,-1232,0,832,-1232,0,608,-1232,0,608,-1200,0,832,-1232,0,608,-1200,0,736,-1200,0,832,-1232,0,736,-1200,0,832,-1200,0,896,-1200,0,896,-1216,0,880,-1232,0,896,-1200,0,880,-1232,0,832,-1232,0,896,-1200,0,832,-1232,0,832,-1200,0,-384,-1120,0,-384,-1062,0,-384,-896,0,-384,-1120,0,-384,-896,0,-358,-896,0,-384,-1120,0,-358,-896,0,-160,-896,0,-384,-1120,0,-160,-896,0,-160,-1120,0,-160,-1200,0,-384,-1200,0,-384,-1120,0,-160,-1200,0,-384,-1120,0,-160,-1120,0,-160,-1120,0,-160,-896,0,-134,-896,0,-160,-1120,0,-134,-896,0,64,-896,0,-160,-1120,0,64,-896,0,64,-1120,0,64,-1200,0,-160,-1200,0,-160,-1120,0,64,-1200,0,-160,-1120,0,64,-1120,0,64,-1120,0,64,-896,0,90,-896,0,64,-1120,0,90,-896,0,288,-896,0,64,-1120,0,288,-896,0,288,-1120,0,288,-1200,0,64,-1200,0,64,-1120,0,288,-1200,0,64,-1120,0,288,-1120,0,288,-1120,0,288,-896,0,314,-896,0,288,-1120,0,314,-896,0,358,-896,0,288,-1120,0,358,-896,0,512,-896,0,288,-1120,0,512,-896,0,512,-1120,0,512,-1200,0,384,-1200,0,288,-1200,0,512,-1200,0,288,-1200,0,288,-1120,0,512,-1200,0,288,-1120,0,512,-1120,0,512,-1120,0,512,-896,0,582,-896,0,512,-1120,0,582,-896,0,736,-896,0,512,-1120,0,736,-896,0,736,-1120,0,736,-1200,0,608,-1200,0,512,-1200,0,736,-1200,0,512,-1200,0,512,-1120,0,736,-1200,0,512,-1120,0,736,-1120,0,806,-896,0,896,-896,0,896,-1056,0,806,-896,0,896,-1056,0,896,-1120,0,806,-896,0,896,-1120,0,736,-1120,0,806,-896,0,736,-1120,0,736,-896,0,896,-1120,0,896,-1200,0,832,-1200,0,896,-1120,0,832,-1200,0,736,-1200,0,896,-1120,0,736,-1200,0,736,-1120,0,-384,-1456,0,-384,-1286,0,-384,-1232,0,-384,-1456,0,-384,-1232,0,-160,-1232,0,-384,-1456,0,-160,-1232,0,-160,-1456,0,-160,-1536,0,-352,-1536,0,-384,-1536,0,-160,-1536,0,-384,-1536,0,-384,-1510,0,-160,-1536,0,-384,-1510,0,-384,-1456,0,-160,-1536,0,-384,-1456,0,-160,-1456,0,-160,-1456,0,-160,-1232,0,64,-1232,0,-160,-1456,0,64,-1232,0,64,-1456,0,64,-1536,0,-128,-1536,0,-160,-1536,0,64,-1536,0,-160,-1536,0,-160,-1456,0,64,-1536,0,-160,-1456,0,64,-1456,0,64,-1456,0,64,-1232,0,288,-1232,0,64,-1456,0,288,-1232,0,288,-1456,0,288,-1536,0,96,-1536,0,64,-1536,0,288,-1536,0,64,-1536,0,64,-1456,0,288,-1536,0,64,-1456,0,288,-1456,0,288,-1456,0,288,-1232,0,384,-1232,0,288,-1456,0,384,-1232,0,512,-1232,0,288,-1456,0,512,-1232,0,512,-1456,0,512,-1536,0,320,-1536,0,288,-1536,0,512,-1536,0,288,-1536,0,288,-1456,0,512,-1536,0,288,-1456,0,512,-1456,0,736,-1376,0,656,-1456,0,512,-1456,0,736,-1376,0,512,-1456,0,512,-1232,0,736,-1376,0,512,-1232,0,608,-1232,0,736,-1376,0,608,-1232,0,736,-1232,0,656,-1456,0,576,-1536,0,544,-1536,0,656,-1456,0,544,-1536,0,512,-1536,0,656,-1456,0,512,-1536,0,512,-1456,0,832,-1232,0,880,-1232,0,800,-1312,0,832,-1232,0,800,-1312,0,736,-1376,0,832,-1232,0,736,-1376,0,736,-1232,0,896,-608,0,896,-582,0,896,-384,0,896,-608,0,896,-384,0,1120,-384,0,896,-608,0,1120,-384,0,1120,-608,0,896,-832,0,896,-806,0,896,-608,0,896,-832,0,896,-608,0,1120,-608,0,896,-832,0,1120,-608,0,1120,-832,0,1120,-992,0,1056,-1056,0,896,-1056,0,1120,-992,0,896,-1056,0,896,-896,0,1120,-992,0,896,-896,0,896,-832,0,1120,-992,0,896,-832,0,1120,-832,0,1056,-1056,0,1024,-1088,0,896,-1216,0,1056,-1056,0,896,-1216,0,896,-1200,0,1056,-1056,0,896,-1200,0,896,-1120,0,1056,-1056,0,896,-1120,0,896,-1056,0,1120,-608,0,1120,-384,0,1200,-384,0,1120,-608,0,1200,-384,0,1232,-384,0,1120,-608,0,1232,-384,0,1344,-384,0,1120,-608,0,1344,-384,0,1344,-608,0,1344,-768,0,1280,-832,0,1120,-832,0,1344,-768,0,1120,-832,0,1120,-608,0,1344,-768,0,1120,-608,0,1344,-608,0,1280,-832,0,1248,-864,0,1120,-992,0,1280,-832,0,1120,-992,0,1120,-832,0,1456,-384,0,1520,-384,0,1520,-592,0,1456,-384,0,1520,-592,0,1504,-608,0,1456,-384,0,1504,-608,0,1344,-608,0,1456,-384,0,1344,-608,0,1344,-384,0,1504,-608,0,1472,-640,0,1344,-768,0,1504,-608,0,1344,-768,0,1344,-608,0,582,-896,0,512,-896,0,358,-896,0,582,-896,0,358,-896,0,582,-672,0,582,-672,0,806,-448,0,806,-582,0,582,-672,0,806,-582,0,806,-672,0,806,-806,0,806,-896,0,736,-896,0,806,-806,0,736,-896,0,582,-896,0,806,-806,0,582,-896,0,582,-672,0,806,-806,0,582,-672,0,806,-672,0,896,-358,0,896,-384,0,896,-582,0,896,-358,0,896,-582,0,806,-582,0,896,-358,0,806,-582,0,806,-448,0,896,-582,0,896,-608,0,896,-806,0,896,-582,0,896,-806,0,806,-806,0,896,-582,0,806,-806,0,806,-672,0,896,-582,0,806,-672,0,806,-582,0,896,-806,0,896,-832,0,896,-896,0,896,-806,0,896,-896,0,806,-896,0,896,-806,0,806,-896,0,806,-806,0,-1536,320,0,-1536,384,0,-1312,384,0,-1536,320,0,-1312,384,0,-1312,160,0,-1536,320,0,-1312,160,0,-1536,160,0,-1312,160,0,-1312,-64,0,-1536,-64,0,-1312,160,0,-1536,-64,0,-1536,96,0,-1312,160,0,-1536,96,0,-1536,160,0,-1312,-64,0,-1312,-288,0,-1536,-288,0,-1312,-64,0,-1536,-288,0,-1536,-128,0,-1312,-64,0,-1536,-128,0,-1536,-64,0,-1312,-288,0,-1312,-384,0,-1536,-384,0,-1312,-288,0,-1536,-384,0,-1536,-352,0,-1312,-288,0,-1536,-352,0,-1536,-288,0,