{"map":"vgvoteq","version":2,"bounds":{"minX":-96,"maxX":736,"minY":-992,"maxY":-32},"locs":[{"name":"","z":-384,"tris":[552,-218,-408,320,-122,-408,288.57806,-108.997826,-408,552,-218,-408,288.57806,-108.997826,-408,320,-96,-408,552,-218,-408,320,-96,-408,569,-199,-408,552,-218,-408,569,-199,-408,581.9933,-230.41103,-408,320,-800,-408,288.24725,-786.86536,-408,320,-774,-408,320,-800,-408,320,-774,-408,552,-680,-408,320,-800,-408,552,-680,-408,540.3023,-708.8709,-408,-32,-448,-408,-19.002176,-416.57806,-408,-6,-448,-408,-32,-448,-408,-6,-448,-408,90,-680,-408,-32,-448,-408,90,-680,-408,58.671513,-667.19617,-408,90,-218,-408,-6,-448,-408,-19.002176,-416.57806,-408,90,-218,-408,-19.002176,-416.57806,-408,71,-199,-408,90,-218,-408,71,-199,-408,103.55046,-185.53535,-408,90,-218,-408,103.55046,-185.53535,-408,288.57806,-108.997826,-408,90,-218,-408,288.57806,-108.997826,-408,320,-122,-408,288.24725,-786.86536,-408,71,-697,-408,58.671513,-667.19617,-408,288.24725,-786.86536,-408,58.671513,-667.19617,-408,90,-680,-408,288.24725,-786.86536,-408,90,-680,-408,320,-774,-408,552,-680,-408,646,-448,-408,658.92163,-479.6167,-408,552,-680,-408,658.92163,-479.6167,-408,569,-697,-408,552,-680,-408,569,-697,-408,540.3023,-708.8709,-408,646,-448,-408,552,-218,-408,581.9933,-230.41103,-408,646,-448,-408,581.9933,-230.41103,-408,672,-448,-408,646,-448,-408,672,-448,-408,658.92163,-479.6167,-408,552,-218,-232,320,-122,-232,288.57806,-108.997826,-232,552,-218,-232,288.57806,-108.997826,-232,320,-96,-232,552,-218,-232,320,-96,-232,569,-199,-232,552,-218,-232,569,-199,-232,581.9933,-230.41103,-232,320,-800,-232,288.24725,-786.86536,-232,320,-774,-232,320,-800,-232,320,-774,-232,552,-680,-232,320,-800,-232,552,-680,-232,540.3023,-708.8709,-232,-6,-448,-232,90,-680,-232,58.671513,-667.19617,-232,-6,-448,-232,58.671513,-667.19617,-232,-32,-448,-232,-6,-448,-232,-32,-448,-232,-19.002176,-416.57806,-232,90,-218,-232,-6,-448,-232,-19.002176,-416.57806,-232,90,-218,-232,-19.002176,-416.57806,-232,71,-199,-232,90,-218,-232,71,-199,-232,103.55046,-185.53535,-232,90,-218,-232,103.55046,-185.53535,-232,288.57806,-108.997826,-232,90,-218,-232,288.57806,-108.997826,-232,320,-122,-232,58.671513,-667.19617,-232,90,-680,-232,320,-774,-232,58.671513,-667.19617,-232,320,-774,-232,288.24725,-786.86536,-232,58.671513,-667.19617,-232,288.24725,-786.86536,-232,71,-697,-232,552,-680,-232,646,-448,-232,658.92163,-479.6167,-232,552,-680,-232,658.92163,-479.6167,-232,569,-697,-232,552,-680,-232,569,-697,-232,540.3023,-708.8709,-232,672,-448,-232,658.92163,-479.6167,-232,646,-448,-232,672,-448,-232,646,-448,-232,552,-218,-232,672,-448,-232,552,-218,-232,581.9933,-230.41103,-232,23.217062,-391.33038,-232,93,-221,-232,224,-167.3304,-232,23.217062,-391.33038,-232,224,-167.3304,-232,224,-352,-232,23.217062,-391.33038,-232,224,-352,-232,224,-391.33038,-232,68.55386,-615.3304,-232,0,-448,-232,23.217062,-391.33038,-232,68.55386,-615.3304,-232,23.217062,-391.33038,-232,224,-391.33038,-232,68.55386,-615.3304,-232,224,-391.33038,-232,224,-576,-232,68.55386,-615.3304,-232,224,-576,-232,224,-615.3304,-232,224,-728.6696,-232,93,-675,-232,68.55386,-615.3304,-232,224,-728.6696,-232,68.55386,-615.3304,-232,224,-615.3304,-232,224,-352,-232,224,-167.3304,-232,320,-128,-232,224,-352,-232,320,-128,-232,448,-180.44052,-232,224,-352,-232,448,-180.44052,-232,448,-352,-232,224,-576,-232,224,-391.33038,-232,224,-352,-232,224,-576,-232,224,-352,-232,448,-352,-232,224,-576,-232,448,-352,-232,448,-404.44052,-232,224,-576,-232,448,-404.44052,-232,448,-576,-232,448,-628.44055,-232,448,-715.55945,-232,320,-768,-232,448,-628.44055,-232,320,-768,-232,224,-728.6696,-232,448,-628.44055,-232,224,-728.6696,-232,224,-615.3304,-232,448,-628.44055,-232,224,-615.3304,-232,224,-576,-232,448,-628.44055,-232,224,-576,-232,448,-576,-232,547,-221,-232,622.15405,-404.44052,-232,448,-404.44052,-232,547,-221,-232,448,-404.44052,-232,448,-352,-232,547,-221,-232,448,-352,-232,448,-180.44052,-232,622.15405,-404.44052,-232,640,-448,-232,566.075,-628.44055,-232,622.15405,-404.44052,-232,566.075,-628.44055,-232,448,-628.44055,-232,622.15405,-404.44052,-232,448,-628.44055,-232,448,-576,-232,622.15405,-404.44052,-232,448,-576,-232,448,-404.44052,-232,566.075,-628.44055,-232,547,-675,-232,448,-715.55945,-232,566.075,-628.44055,-232,448,-715.55945,-232,448,-628.44055,-232,283.57144,-382.69925,-256,275,-403,-256,256,-448,-256,283.57144,-382.69925,-256,256,-448,-256,247.8187,-428.62323,-256,283.57144,-382.69925,-256,247.8187,-428.62323,-256,263,-391,-256,254.69925,-484.42856,-256,275,-493,-256,320,-512,-256,254.69925,-484.42856,-256,320,-512,-256,300.62323,-520.1813,-256,254.69925,-484.42856,-256,300.62323,-520.1813,-256,263,-505,-256,365,-493,-256,384,-448,-256,392.1813,-467.37677,-256,365,-493,-256,392.1813,-467.37677,-256,377,-505,-256,365,-493,-256,377,-505,-256,356.42856,-513.3008,-256,384,-448,-256,365,-403,-256,385.30075,-411.57144,-256,384,-448,-256,385.30075,-411.57144,-256,400,-448,-256,384,-448,-256,400,-448,-256,392.1813,-467.37677,-256,377,-391,-256,385.30075,-411.57144,-256,365,-403,-256,377,-391,-256,365,-403,-256,320,-384,-256,377,-391,-256,320,-384,-256,300.62323,-375.8187,-256,377,-391,-256,300.62323,-375.8187,-256,320,-368,-256,275,-403,-256,320,-384,-256,365,-403,-256,275,-403,-256,365,-403,-256,384,-448,-256,275,-403,-256,384,-448,-256,365,-493,-256,275,-403,-256,365,-493,-256,320,-512,-256,275,-403,-256,320,-512,-256,275,-493,-256,275,-403,-256,275,-493,-256,256,-448,-256,320,-512,-256,365,-493,-256,356.42856,-513.3008,-256,320,-512,-256,356.42856,-513.3008,-256,320,-528,-256,320,-512,-256,320,-528,-256,300.62323,-520.1813,-256,254.69925,-484.42856,-256,240,-448,-256,247.8187,-428.62323,-256,254.69925,-484.42856,-256,247.8187,-428.62323,-256,256,-448,-256,254.69925,-484.42856,-256,256,-448,-256,275,-493,-256,300.62323,-375.8187,-256,320,-384,-256,275,-403,-256,300.62323,-375.8187,-256,275,-403,-256,283.57144,-382.69925,-256,275,-493,-262,256,-448,-262,275,-403,-262,275,-493,-262,275,-403,-262,320,-384,-262,275,-493,-262,320,-384,-262,365,-403,-262,275,-493,-262,365,-403,-262,384,-448,-262,275,-493,-262,384,-448,-262,365,-493,-262,275,-493,-262,365,-493,-262,320,-512,-262,283.57144,-382.69925,-368,275,-403,-368,256,-448,-368,283.57144,-382.69925,-368,256,-448,-368,247.8187,-428.62323,-368,283.57144,-382.69925,-368,247.8187,-428.62323,-368,263,-391,-368,254.69925,-484.42856,-368,275,-493,-368,320,-512,-368,254.69925,-484.42856,-368,320,-512,-368,300.62323,-520.1813,-368,254.69925,-484.42856,-368,300.62323,-520.1813,-368,263,-505,-368,365,-493,-368,384,-448,-368,392.1813,-467.37677,-368,365,-493,-368,392.1813,-467.37677,-368,377,-505,-368,365,-493,-368,377,-505,-368,356.42856,-513.3008,-368,384,-448,-368,365,-403,-368,385.30075,-411.57144,-368,384,-448,-368,385.30075,-411.57144,-368,400,-448,-368,384,-448,-368,400,-448,-368,392.1813,-467.37677,-368,377,-391,-368,385.30075,-411.57144,-368,365,-403,-368,377,-391,-368,365,-403,-368,320,-384,-368,377,-391,-368,320,-384,-368,300.62323,-375.8187,-368,377,-391,-368,300.62323,-375.8187,-368,320,-368,-368,320,-512,-368,365,-493,-368,356.42856,-513.3008,-368,320,-512,-368,356.42856,-513.3008,-368,320,-528,-368,320,-512,-368,320,-528,-368,300.62323,-520.1813,-368,254.69925,-484.42856,-368,240,-448,-368,247.8187,-428.62323,-368,254.69925,-484.42856,-368,247.8187,-428.62323,-368,256,-448,-368,254.69925,-484.42856,-368,256,-448,-368,275,-493,-368,300.62323,-375.8187,-368,320,-384,-368,275,-403,-368,300.62323,-375.8187,-368,275,-403,-368,283.57144,-382.69925,-368,23.217062,-391.33038,-392,93,-221,-392,224,-167.3304,-392,23.217062,-391.33038,-392,224,-167.3304,-392,224,-352,-392,23.217062,-391.33038,-392,224,-352,-392,224,-391.33038,-392,68.55386,-615.3304,-392,0,-448,-392,23.217062,-391.33038,-392,68.55386,-615.3304,-392,23.217062,-391.33038,-392,224,-391.33038,-392,68.55386,-615.3304,-392,224,-391.33038,-392,224,-576,-392,68.55386,-615.3304,-392,224,-576,-392,224,-615.3304,-392,224,-728.6696,-392,93,