{"map":"vrdm1","version":2,"bounds":{"minX":-1024,"maxX":1024,"minY":-1280,"maxY":1024},"locs":[{"name":"","z":0,"tris":[1024,672,0,1024,640,0,896,640,0,1024,672,0,896,640,0,896,672,0,1024,896,0,1024,672,0,896,672,0,1024,896,0,896,672,0,896,896,0,1024,512,0,1024,384,0,896,384,0,1024,512,0,896,384,0,896,512,0,1024,-128,0,1008,-128,0,1008,32,0,1024,-128,0,1008,32,0,1024,32,0,1008,32,0,1008,256,0,1024,256,0,1008,32,0,1024,256,0,1024,32,0,1024,384,0,1024,256,0,896,256,0,1024,384,0,896,256,0,896,384,0,1008,-192,0,1008,-256,0,896,-256,0,1008,-192,0,896,-256,0,896,-192,0,1008,32,0,1008,-192,0,896,-192,0,1008,32,0,896,-192,0,896,32,0,896,256,0,1008,256,0,1008,32,0,896,256,0,1008,32,0,896,32,0,896,800,0,896,640,0,736,640,0,896,800,0,736,640,0,736,800,0,896,1024,0,896,800,0,736,800,0,896,1024,0,736,800,0,736,1024,0,736,640,0,512,640,0,512,800,0,736,640,0,512,800,0,736,800,0,512,800,0,512,1024,0,736,1024,0,512,800,0,736,1024,0,736,800,0,896,-384,0,896,-512,0,768,-512,0,896,-384,0,768,-512,0,768,-384,0,896,-160,0,896,-384,0,768,-384,0,896,-160,0,768,-384,0,768,-160,0,896,64,0,896,-160,0,768,-160,0,896,64,0,768,-160,0,768,64,0,896,288,0,896,64,0,768,64,0,896,288,0,768,64,0,768,288,0,768,512,0,896,512,0,896,288,0,768,512,0,896,288,0,768,288,0,768,512,0,768,384,0,608,384,0,768,512,0,608,384,0,608,512,0,608,384,0,384,384,0,384,512,0,608,384,0,384,512,0,608,512,0,384,576,0,384,384,0,224,384,0,384,576,0,224,384,0,224,576,0,384,800,0,384,576,0,224,576,0,384,800,0,224,576,0,224,800,0,384,1024,0,384,800,0,224,800,0,384,1024,0,224,800,0,224,1024,0,224,384,0,0,384,0,0,576,0,224,384,0,0,576,0,224,576,0,0,576,0,0,800,0,224,800,0,0,576,0,224,800,0,224,576,0,0,800,0,0,1024,0,224,1024,0,0,800,0,224,1024,0,224,800,0,255.42856,384,0,255.42856,256,0,96,256,0,255.42856,384,0,96,256,0,96,384,0,96,256,0,-128,256,0,-128,384,0,96,256,0,-128,384,0,96,384,0,-128,896,0,-128,1024,0,0,1024,0,-128,896,0,0,1024,0,0,896,0,-128,800,0,-128,640,0,-256,640,0,-128,800,0,-256,640,0,-256,800,0,-256,1024,0,-128,1024,0,-128,800,0,-256,1024,0,-128,800,0,-256,800,0,0,416,0,0,384,0,-32,384,0,0,416,0,-32,384,0,-32,416,0,0,640,0,0,416,0,-32,416,0,0,640,0,-32,416,0,-32,640,0,-32,384,0,-256,384,0,-256,416,0,-32,384,0,-256,416,0,-32,416,0,-256,416,0,-256,640,0,-32,640,0,-256,416,0,-32,640,0,-32,416,0,-256,576,0,-256,384,0,-384,384,0,-256,576,0,-384,384,0,-384,576,0,-256,800,0,-256,576,0,-384,576,0,-256,800,0,-384,576,0,-384,800,0,-384,1024,0,-256,1024,0,-256,800,0,-384,1024,0,-256,800,0,-384,800,0,-384,800,0,-384,768,0,-448,768,0,-384,800,0,-448,768,0,-448,800,0,-384,1024,0,-384,800,0,-448,800,0,-384,1024,0,-448,800,0,-448,1024,0,-448,768,0,-672,768,0,-672,800,0,-448,768,0,-672,800,0,-448,800,0,-672,800,0,-672,1024,0,-448,1024,0,-672,800,0,-448,1024,0,-448,800,0,-672,768,0,-896,768,0,-896,800,0,-672,768,0,-896,800,0,-672,800,0,-896,800,0,-896,1024,0,-672,1024,0,-896,800,0,-672,1024,0,-672,800,0,-384,512,0,-384,384,0,-448,384,0,-384,512,0,-448,384,0,-448,512,0,-448,384,0,-672,384,0,-672,512,0,-448,384,0,-672,512,0,-448,512,0,-672,384,0,-896,384,0,-896,512,0,-672,384,0,-896,512,0,-672,512,0,-896,544,0,-896,384,0,-1024,384,0,-896,544,0,-1024,384,0,-1024,544,0,-1024,768,0,-896,768,0,-896,544,0,-1024,768,0,-896,544,0,-1024,544,0,-896,896,0,-1024,896,0,-1024,1024,0,-896,896,0,-1024,1024,0,-896,1024,0,-256,256,0,-384,256,0,-384,384,0,-256,256,0,-384,384,0,-256,384,0,-128,-96,0,-128,-128,0,-288,-128,0,-128,-96,0,-288,-128,0,-288,-96,0,-128,128,0,-128,-96,0,-288,-96,0,-128,128,0,-288,-96,0,-288,128,0,-288,-128,0,-512,-128,0,-512,-96,0,-288,-128,0,-512,-96,0,-288,-96,0,-512,-96,0,-512,128,0,-288,128,0,-512,-96,0,-288,128,0,-288,-96,0,-512,-64.85715,0,-512,-128,0,-640,-128,0,-512,-64.85715,0,-640,-128,0,-640,-64.85715,0,-512,159.14285,0,-512,-64.85715,0,-640,-64.85715,0,-512,159.14285,0,-640,-64.85715,0,-640,159.14285,0,-640,383.14285,0,-512,383.14285,0,-512,159.14285,0,-640,383.14285,0,-512,159.14285,0,-640,159.14285,0,-512,384,0,-512,383.14285,0,-544,383.14285,0,-512,384,0,-544,383.14285,0,-544,384,0,-544,383.14285,0,-768,383.14285,0,-768,384,0,-544,383.14285,0,-768,384,0,-544,384,0,-768,-64,0,-768,-128,0,-800,-128,0,-768,-64,0,-800,-128,0,-800,-64,0,-768,160,0,-768,-64,0,-800,-64,0,-768,160,0,-800,-64,0,-800,160,0,-800,384,0,-768,384,0,-768,160,0,-800,384,0,-768,160,0,-800,160,0,-800,-64,0,-800,-128,0,-1024,-128,0,-800,-64,0,-1024,-128,0,-1024,-64,0,-800,160,0,-800,-64,0,-1024,-64,0,-800,160,0,-1024,-64,0,-1024,160,0,-1024,384,0,-800,384,0,-800,160,0,-1024,384,0,-800,160,0,-1024,160,0,1024,-128,0,1024,-256,0,1008,-256,0,1024,-128,0,1008,-256,0,1008,-128,0,1024,-704,0,1024,-896,0,896,-896,0,1024,-704,0,896,-896,0,896,-704,0,1024,-480,0,1024,-704,0,896,-704,0,1024,-480,0,896,-704,0,896,-480,0,896,-256,0,1024,-256,0,1024,-480,0,896,-256,0,1024,-480,0,896,-480,0,896,-736,0,896,-768,0,832,-768,0,896,-736,0,832,-768,0,832,-736,0,896,-512,0,896,-736,0,832,-736,0,896,-512,0,832,-736,0,832,-512,0,832,-768,0,608,-768,0,608,-736,0,832,-768,0,608,-736,0,832,-736,0,608,-736,0,608,-512,0,832,-512,0,608,-736,0,832,-512,0,832,-736,0,608,-768,0,384,-768,0,384,-736,0,608,-768,0,384,-736,0,608,-736,0,384,-736,0,384,-512,0,608,-512,0,384,-736,0,608,-512,0,608,-736,0,896,-992,0,896,-1024,0,800,-1024,0,896,-992,0,800,-1024,0,800,-992,0,896,-768,0,896,-992,0,800,-992,0,896,-768,0,800,-992,0,800,-768,0,800,-1024,0,576,-1024,0,576,-992,0,800,-1024,0,576,-992,0,800,-992,0,576,-992,0,576,-768,0,800,-768,0,576,-992,0,800,-768,0,800,-992,0,576,-1024,0,352,-1024,0,352,-992,0,576,-1024,0,352,-992,0,576,-992,0,352,-992,0,352,-768,0,576,-768,0,352,-992,0,576,-768,0,576,-992,0,352,-1024,0,128,-1024,0,128,-992,0,352,-1024,0,128,-992,0,352,-992,0,128,-992,0,128,-768,0,352,-768,0,128,-992,0,352,-768,0,352,-992,0,128,-1024,0,-96,-1024,0,-96,-992,0,128,-1024,0,-96,-992,0,128,-992,0,-96,-992,0,-96,-768,0,128,-768,0,-96,-992,0,128,-768,0,128,-992,0,-96,-1024,0,-320,-1024,0,-320,-992,0,-96,-1024,0,-320,-992,0,-96,-992,0,-320,-992,0,-320,-768,0,-96,-768,0,-320,-992,0,-96,-768,0,-96,-992,0,-320,-1024,0,-544,-1024,0,-544,-992,0,-320,-1024,0,-544,-992,0,-320,-992,0,-544,-992,0,-544,-768,0,-320,-768,0,-544,-992,0,-320,-768,0,-320,-992,0,-544,-1024,0,-768,-1024,0,-768,-992,0,-544,-1024,0,-768,-992,0,-544,-992,0,-768,-992,0,-768,-768,0,-544,-768,0,-768,-992,0,-544,-768,0,-544,-992,0,1024,-1024,0,896,-1024,0,896,-896,0,1024,-1024,0,896,-896,0,1024,-896,0,128,-256,0,255.42857,-256,0,255.42856,-384,0,128,-256,0,255.42856,-384,0,128,-384,0,224,-384,0,255.42856,-384,0,255.42856,-512,0,224,-384,0,255.42856,-512,0,224,-512,0,0,-512,0,0,-384,0,224,-384,0,0,-512,0,224,-384,0,224,-512,0,224,-512,0,384,-512,0,384,-640,0,224,-512,0,384,-640,0,224,-640,0,0,-640,0,0,-512,0,224,-512,0,0,-640,0,224,-512,0,224,-640,0,224,-640,0,256,-640,0,256,-768,0,224,-640,0,256,-768,0,224,-768,0,0,-768,0,0,-640,0,224,-640,0,0,-768,0,224,-640,0,224,-768,0,-128,-128,0,-128,-256,0,-352,-256,0,-128,-128,0,-352,-256,0,-352,-128,0,-352,-256,0,-576,-256,0,-576,-128,0,-352,-256,0,-576,-128,0,-352,-128,0,-576,-256,0,-800,-256,0,-800,-128,0,-576,-256,0,-800,-128,0,-576,-128,0,-800,-256,0,-1024,-256,0,-1024,-128,0,-800,-256,0,-1024,-128,0,-800,-128,0,0,-608,0,0,-640,0,-96,-640,0,0,-608,0,-96,-640,0,-96,-608,0,-96,-384,0,0,-384,0,0,-608,0,-96,-384,0,0,-608,0,-96,-608,0,-96,-608,0,-96,-640,0,-320,-640,0,-96,-608,0,-320,-640,0,-320,-608,0,-320,-384,0,-96,-384,0,-96,-608,0,-320,-384,0,-96,-608,0,-320,-608,0,-320,-608,0,-320,-640,0,-544,-640,0,-320,-608,0,-544,-640,0,-544,-608,0,-544,-384,0,-320,-384,0,-320,-608,0,-544,-384,0,-320,-608,0,-544,-608,0,-768,-640,0,-768,-608,0,-544,-608,0,-768,-640,0,-544,-608,0,-544,-640,0,-768,-608,0,-768,-384,0,-544,-384,0,-768,-608,0,-544,-384,0,-544,-608,0,-128,-640,0,-128,-768,0,-160,-768,0,-128,-640,0,-160,-768,0,-160,-640,0,-160,-768,0,-384,-768,0,-384,-640,0,-160,-768,0,-384,-640,0,-160,-640,0,-384,-256,0,-384,-384,0,-560,-384,0,-384,-256,0,-560,-384,0,-560,-256,0,-560,-384,0,-784,-384,0,-784,-256,0,-560,-384,0,-784,-256,0,-560,-256,0,-784,-384,0,-1008,-384,0,-1008,-256,