{"map":"xphogtooth","version":2,"bounds":{"minX":-768,"maxX":432,"minY":-432,"maxY":560},"locs":[{"name":"","z":64,"tris":[0,224,192,-160,224,192,-224,224,192,0,224,192,-224,224,192,-224,256,192,0,224,192,-224,256,192,-224,320,192,0,224,192,-224,320,192,-96,320,192,0,224,192,-96,320,192,-32,320,192,0,224,192,-32,320,192,0,320,192,192,320,192,192,288,192,192,224,192,192,320,192,192,224,192,96,224,192,192,320,192,96,224,192,32,224,192,192,320,192,32,224,192,0,224,192,192,320,192,0,224,192,0,320,192,192,32,192,192,-192,192,160,-192,192,192,32,192,160,-192,192,96,-192,192,192,32,192,96,-192,192,96,-96,192,192,32,192,96,-96,192,96,-32,192,192,32,192,96,-32,192,96,32,192,96,160,192,96,224,192,192,224,192,96,160,192,192,224,192,192,64,192,96,160,192,192,64,192,192,32,192,96,160,192,192,32,192,96,32,192,64,-32,192,64,160,192,96,160,192,64,-32,192,96,160,192,96,32,192,64,-32,192,96,32,192,96,-32,192,32,192,192,-160,192,192,-160,224,192,32,192,192,-160,224,192,0,224,192,32,192,192,0,224,192,32,224,192,0,-192,192,-64,-192,192,-96,-192,192,0,-192,192,-96,-192,192,-224,-192,192,0,-192,192,-224,-192,192,-224,-96,192,0,-192,192,-224,-96,192,-160,-96,192,0,-192,192,-160,-96,192,0,-96,192,32,-96,192,96,-96,192,96,-192,192,32,-96,192,96,-192,192,0,-192,192,32,-96,192,0,-192,192,0,-96,192,32,-96,192,0,-96,192,-160,-96,192,32,-96,192,-160,-96,192,-160,-64,192,32,-96,192,-160,-64,192,32,-64,192,-224,32,192,-224,160,192,-192,160,192,-224,32,192,-192,160,192,-192,-32,192,-224,32,192,-192,-32,192,-224,-32,192,-224,32,192,-224,-32,192,-224,-96,192,-224,32,192,-224,-96,192,-224,-192,192,-224,32,192,-224,-192,192,-320,-192,192,-224,32,192,-320,-192,192,-320,32,192,-224,256,192,-224,224,192,-224,160,192,-224,256,192,-224,160,192,-224,32,192,-224,256,192,-224,32,192,-320,32,192,-224,256,192,-320,32,192,-320,64,192,-224,256,192,-320,64,192,-320,256,192,-320,288,192,-320,320,192,-224,320,192,-320,288,192,-224,320,192,-224,256,192,-320,288,192,-224,256,192,-320,256,192,-24,88,384,-40,88,384,-40,104,384,-24,88,384,-40,104,384,-24,104,384,-104,88,384,-104,104,384,-88,104,384,-104,88,384,-88,104,384,-88,88,384,-88,24,384,-104,24,384,-104,40,384,-88,24,384,-104,40,384,-88,40,384,-40,24,384,-40,40,384,-24,40,384,-40,24,384,-24,40,384,-24,24,384,64,112,400,64,16,400,-16,-64,400,64,112,400,-16,-64,400,-112,-64,400,64,112,400,-112,-64,400,-192,16,400,64,112,400,-192,16,400,-192,112,400,64,112,400,-192,112,400,-112,192,400,64,112,400,-112,192,400,-16,192,400,-160,7.333333,346.66666,-132.79994,23.200033,364.80002,-104,40,384,-160,7.333333,346.66666,-104,40,384,-104,24,384,-160,7.333333,346.66666,-104,24,384,-200,-72,320,-160,7.333333,346.66666,-200,-72,320,-200,-16,320,-104,104,384,-104,88,384,-132.79996,104.79997,364.80002,-104,104,384,-132.79996,104.79997,364.80002,-160,120.666664,346.66666,-104,104,384,-160,120.666664,346.66666,-200,144,320,-104,104,384,-200,144,320,-200,200,320,72,200,320,-24,104,384,-40,104,384,72,200,320,-40,104,384,-23.199997,132.8,364.8,72,200,320,-23.199997,132.8,364.8,-7.333307,160,346.66663,72,200,320,-7.333307,160,346.66663,16,200,320,-200,200,320,-144,200,320,-88,104,384,-200,200,320,-88,104,384,-104,104,384,72,200,320,72,144,320,-24,88,384,72,200,320,-24,88,384,-24,104,384,72,-16,320,72,-72,320,-24,24,384,72,-16,320,-24,24,384,-24,40,384,-104,24,384,-88,24,384,-144,-72,320,-104,24,384,-144,-72,320,-200,-72,320,-7.333344,-32,346.66666,-23.200012,-4.799978,364.80002,-40,24,384,-7.333344,-32,346.66666,-40,24,384,-24,24,384,-7.333344,-32,346.66666,-24,24,384,72,-72,320,-7.333344,-32,346.66666,72,-72,320,16,-72,320,384,560,64,432,512,64,384,464,64,384,560,64,384,464,64,336,512,64,192,512,64,336,512,64,384,464,64,192,512,64,384,464,64,384,320,64,192,512,64,384,320,64,240,320,64,192,512,64,240,320,64,192,368,64,144,320,64,192,272,64,192,224,64,144,320,64,192,224,64,144,224,64,144,320,64,144,224,64,96,224,64,144,320,64,96,224,64,96,320,64,192,272,64,144,320,64,192,368,64,192,272,64,192,368,64,240,320,64,192,192,64,192,64,64,192,-32,64,192,192,64,192,-32,64,144,-32,64,192,192,64,144,-32,64,144,160,64,192,192,64,144,160,64,144,192,64,144,224,64,192,224,64,192,192,64,144,224,64,192,192,64,144,192,64,0,224,64,-160,224,64,-224,224,64,0,224,64,-224,224,64,-224,320,64,0,224,64,-224,320,64,-64,320,64,0,224,64,-64,320,64,0,320,64,96,320,64,96,224,64,32,224,64,96,320,64,32,224,64,0,224,64,96,320,64,0,224,64,0,320,64,96,224,64,144,224,64,144,192,64,96,224,64,144,192,64,144,160,64,96,224,64,144,160,64,96,160,64,96,-32,64,64,-32,64,32,-32,64,96,-32,64,32,-32,64,32,160,64,96,-32,64,32,160,64,64,160,64,96,-32,64,64,160,64,96,160,64,96,-32,64,96,160,64,144,160,64,96,-32,64,144,160,64,144,-32,64,-160,192,64,-160,224,64,0,224,64,-160,192,64,0,224,64,32,224,64,-160,192,64,32,224,64,32,192,64,-160,192,64,32,192,64,32,160,64,-160,192,64,32,160,64,-160,160,64,32,-32,64,-160,-32,64,-160,160,64,32,-32,64,-160,160,64,32,160,64,192,-240,64,240,-192,64,384,-192,64,192,-240,64,384,-192,64,384,-336,64,192,-240,64,384,-336,64,336,-384,64,192,-240,64,336,-384,64,192,-384,64,144,-32,64,192,-32,64,192,-96,64,144,-32,64,192,-96,64,96,-96,64,144,-32,64,96,-96,64,96,-32,64,192,-96,64,192,-144,64,144,-192,64,192,-96,64,144,-192,64,96,-192,64,192,-96,64,96,-192,64,96,-96,64,144,-192,64,192,-144,64,240,-192,64,144,-192,64,240,-192,64,192,-240,64,384,-336,64,432,-384,64,384,-432,64,384,-336,64,384,-432,64,336,-384,64,0,-192,64,-64,-192,64,-224,-192,64,0,-192,64,-224,-192,64,-224,-96,64,0,-192,64,-224,-96,64,-160,-96,64,0,-192,64,-160,-96,64,0,-96,64,32,-96,64,96,-96,64,96,-192,64,32,-96,64,96,-192,64,0,-192,64,32,-96,64,0,-192,64,0,-96,64,-160,-64,64,-160,-32,64,32,-32,64,-160,-64,64,32,-32,64,32,-64,64,-160,-64,64,32,-64,64,32,-96,64,-160,-64,64,32,-96,64,0,-96,64,-160,-64,64,0,-96,64,-160,-96,64,-368,320,64,-320,368,64,-272,320,64,-368,320,64,-272,320,64,-320,272,64,-320,512,64,-320,368,64,-368,320,64,-320,512,64,-368,320,64,-512,320,64,-320,512,64,-512,320,64,-512,464,64,-320,512,64,-512,464,64,-464,512,64,-224,128,64,-224,160,64,-192,160,64,-224,128,64,-192,160,64,-160,160,64,-224,128,64,-160,160,64,-160,-32,64,-224,128,64,-160,-32,64,-192,-32,64,-224,128,64,-192,-32,64,-224,-32,64,-224,128,64,-224,-32,64,-224,-96,64,-224,128,64,-224,-96,64,-320,-96,64,-224,128,64,-320,-96,64,-320,64,64,-224,128,64,-320,64,64,-320,128,64,-320,224,64,-272,224,64,-224,224,64,-320,224,64,-224,224,64,-224,160,64,-320,224,64,-224,160,64,-224,128,64,-320,224,64,-224,128,64,-320,128,64,-272,224,64,-272,320,64,-224,320,64,-272,224,64,-224,320,64,-224,224,64,-272,224,64,-320,224,64,-320,272,64,-272,224,64,-320,272,64,-272,320,64,-560,512,64,-512,560,64,-464,512,64,-560,512,64,-464,512,64,-512,464,64,-368,-192,64,-320,-144,64,-272,-192,64,-368,-192,64,-272,-192,64,-320,-240,64,-320,-144,64,-320,-96,64,-224,-96,64,-320,-144,64,-224,-96,64,-224,-192,64,-320,-144,64,-224,-192,64,-272,-192,64,-368,-192,64,-320,-240,64,-320,-384,64,-368,-192,64,-320,-384,64,-464,-384,64,-368,-192,64,-464,-384,64,-512,-336,64,-368,-192,64,-512,-336,64,-512,-192,64,-464,-384,64,-512,-432,64,-560,-384,64,-464,-384,64,-560,-384,64,-512,-336,64,-768,0,-32,-768,64,-32,-704,64,-32,-768,0,-32,-704,64,-32,-704,0,-32,-768,128,-32,-768,192,-32,-704,192,-32,-768,128,-32,-704,192,-32,-704,128,-32,-768,-256,-32,-768,-192,-32,-704,-192,-32,-768,-256,-32,-704,-192,-32,-704,-256,-32,-768,-128,-32,-768,-64,-32,-704,-64,-32,-768,-128,-32,-704,-64,-32,-704,-128,-32]}]}